Booking_ID,Hotel_ID,Customer_Name,Booking_Date,Nights,Total_Amount
BK_93524,ORO,GREGORY FLORES,2025-12-18,5,743.5
BK_16458,SAN,Kathleen Oconnor,2025-12-05,11,4337.56
BK_59912,SAN,Taylor Hicks,2025-10-16,7,3246.93
BK_31415,SAN,darlene martinez,2025-09-19,7,3173.08
BK_17030,ORO,ERIC CURTIS,2025-06-16,2,331.96
BK_14508,SAN,LUCAS PHILLIPS,2025-09-21,6,2949.77
BK_88275,LAZ,joseph nelson,2025-04-16,2,496.56
BK_39159,LAZ,Whitney Jackson,2026-01-08,7,2061.92
BK_34679,SAN,phillip brown,2025-06-23,7,2892.54
BK_47788,SAN,HANNAH BROWN,2025-10-25,2,888.55
BK_57783,LAZ,LARRY GUTIERREZ,2025-05-03,11,3006.78
BK_29281,CAP,PAUL MOORE,2025-10-29,5,1333.13
BK_43946,CAP,AMANDA BLACKBURN,2026-02-13,5,1541.68
BK_63652,GAL,KENNETH CAMPBELL,2025-03-27,4,702.69
BK_31999,ORO,SARAH LAWSON,2025-05-06,9,1649.23
BK_62876,LAZ,BRANDON HOLDEN,2025-05-18,1,316.54
BK_34807,LAZ,DEBBIE WALSH,2025-04-14,-1,-288.03
BK_15736,GAL,Sherry Smith,2025-07-10,8,1461.55
BK_58311,LAZ,Tony Barber,2025-04-18,2,591.29
BK_44679,SAN,Nicholas Alexander,2025-05-02,7,3447.83
BK_26171,LAZ,james garcia,2025-02-13,11,3242.98
BK_55447,CAP,joshua martin,2025-05-27,5,1334.42
BK_78698,CAP,TOMMY BURNS,2025-03-15,10,3127.14
BK_65040,LAZ,travis morris,2025-11-27,7,2026.92
BK_88899,ORO,Heather Campbell,2025-12-26,3,547.45
BK_75314,SAN,joseph reyes,2025-04-01,1,
BK_21162,CAP,MARISSA COLON,2025-04-18,2,481.25
BK_82967,GAL,peter maynard,2025-08-02,9,1392.56
BK_57695,LAZ,Melanie Reed,2025-06-13,2,591.94
BK_90704,CAP,Susan Tate,2025-06-14,6,1813.91
BK_25834,CAP,MICHELLE MONTGOMERY,2025-02-25,1,266.53
BK_60258,ORO,NICHOLAS DYER,2025-05-29,11,2004.0
BK_27753,ORO,JACOB ALLEN,2025-03-23,12,1929.55
BK_59531,GAL,Jody Brown,2025-03-18,4,572.93
BK_29716,LAZ,ROY SHAW,2025-11-01,11,2682.01
BK_82404,GAL,DONNA RUSH,2025-11-15,5,726.1
BK_49689,SAN,RYAN THOMAS,2025-07-15,6,2701.28
BK_69922,CAP,Brian Cook,2025-07-21,12,3549.34
BK_61714,GAL,natasha turner,2025-10-27,12,1746.73
BK_45587,SAN,Anita Phillips,2025-11-29,8,3552.9
BK_76462,ORO,Alan Grant,2025-06-30,10,1581.72
BK_13251,GAL,emily delacruz,2025-10-22,4,600.81
BK_82362,GAL,COLLEEN ROBERTS,2025-09-19,2,
BK_45359,GAL,donald hunter,2025-12-18,2,366.03
BK_77255,LAZ,WILLIAM HOWELL,2025-10-04,8,2469.35
BK_30290,GAL,Antonio Bennett,2025-10-15,5,881.38
BK_32625,CAP,Regina Lee,2025-05-18,7,2010.76
BK_37895,SAN,JEFF SMITH,2025-11-09,10,4976.78
BK_42116,GAL,Heather Adams,2025-12-10,1,167.1
BK_17357,SAN,cindy bartlett,2025-05-07,10,3960.83
BK_77045,GAL,charles cameron,2025-10-26,2,357.57
BK_30432,ORO,Jose Conrad,2025-12-29,2,307.75
BK_18503,SAN,LISA ROACH,2026-01-19,5,2399.06
BK_31061,SAN,Monica Hernandez,2025-06-14,6,2326.61
BK_66011,LAZ,ANGELA SULLIVAN,2025-03-30,7,1765.96
BK_92030,GAL,JOHN DUNN,2025-05-24,8,1413.37
BK_37385,SAN,STEPHANIE JACOBS,2026-01-17,4,
BK_27878,GAL,TRACY MCLAUGHLIN,2025-07-04,5,701.76
BK_27647,LAZ,erica blackburn,2025-09-14,12,3821.65
BK_85544,ORO,TROY BENSON,2025-09-13,4,707.82
BK_44703,ORO,Mr. John Pearson,2026-01-11,5,898.29
BK_54493,GAL,ANN ROBERTSON,2025-10-09,8,1458.74
BK_82782,SAN,barbara butler,2025-06-11,12,5392.07
BK_47143,GAL,marcus sanchez,2025-12-02,6,836.34
BK_46821,LAZ,REBECCA WHEELER,2025-07-26,3,784.52
BK_54442,ORO,Crystal Wallace,2025-07-20,10,1440.69
BK_32750,CAP,KARI PITTS,2025-10-19,8,2016.22
BK_50626,CAP,curtis patrick,2025-02-18,11,2797.95
BK_68459,GAL,kevin knapp,2025-12-06,8,1156.28
BK_74624,SAN,melissa brown,2025-09-20,7,3602.03
BK_38946,ORO,Joan Smith,2025-02-20,7,1041.57
BK_59637,ORO,Ricardo Clark,2025-04-14,7,1095.89
BK_18986,LAZ,MARY LEE,2026-01-29,8,2454.69
BK_84262,SAN,BRANDON DAVIS,2025-03-10,4,1894.85
BK_16224,CAP,MICHELLE RITTER,2026-01-12,5,1605.6
BK_46448,GAL,Melanie Stevens,2025-08-03,3,530.01
BK_58703,CAP,Marissa Wolfe,2025-10-11,6,1871.84
BK_58830,GAL,Ryan Chung,2025-05-11,4,556.98
BK_96095,SAN,Joshua Miller,2026-01-02,10,4837.98
BK_39388,SAN,Monica Thomas,2025-08-02,1,504.64
BK_38920,H_UNK,JAMIE RIOS,2025-07-14,3,931.92
BK_61666,CAP,James Nelson,2025-09-07,12,3786.51
BK_69112,SAN,Colleen Cantu,2025-07-14,6,2929.87
BK_71403,LAZ,LANCE JONES,2025-04-05,2,493.42
BK_73586,ORO,ADAM SNOW,2025-06-15,10,1580.21
BK_61823,GAL,KATHRYN MILLER,2025-07-26,12,2052.19
BK_16279,ORO,Connor West,2025-09-18,6,864.41
BK_92383,ORO,aaron butler,2025-08-23,4,618.46
BK_52916,ORO,Jacob Davis,2025-12-16,7,1069.14
BK_12846,GAL,denise davenport,2025-06-22,4,684.56
BK_58606,LAZ,ian richards,2025-09-05,12,3756.44
BK_73135,GAL,Alyssa Lawrence,2025-04-28,8,1400.55
BK_19731,GAL,Joseph Vaughan,2025-05-19,9,1527.24
BK_79088,LAZ,Lisa Jenkins,2025-07-11,12,3425.03
BK_41469,SAN,joseph black,2025-11-27,4,1726.19
BK_63255,LAZ,Vanessa Rivera,2025-09-27,7,2055.32
BK_15415,CAP,kimberly carlson,2025-03-08,8,2188.51
BK_78793,ORO,gina thornton,2025-09-20,6,998.77
BK_60762,ORO,brandon diaz,2025-09-02,1,174.8
BK_97560,CAP,SAMANTHA GREEN,2025-07-12,3,
BK_94274,SAN,james smith,2025-07-19,8,4005.85
BK_27854,GAL,Laura Johnson,2025-06-02,6,889.56
BK_17095,LAZ,meagan rose,2025-10-05,5,1239.7
BK_88941,ORO,David Morrow,2025-03-08,8,1130.34
BK_46221,LAZ,john maldonado,2025-10-14,12,3470.45
BK_24884,ORO,jenny douglas,2025-03-16,8,1328.77
BK_69822,LAZ,christopher weber,2025-04-10,4,1031.85
BK_59718,GAL,Gary Woodard,2025-08-26,2,367.25
BK_31769,CAP,Olivia Robertson,2025-02-25,6,1863.66
BK_13929,ORO,Christy Navarro,2025-12-18,7,1241.43
BK_52157,CAP,sally jones,2025-12-24,9,2885.99
BK_81595,LAZ,JOHN TATE,2025-10-14,5,1234.54
BK_80982,CAP,Brooke Thomas,2025-06-13,7,1686.52
BK_62641,CAP,MARK PATTERSON,2025-09-25,3,853.41
BK_99512,LAZ,connie lewis,2025-04-30,10,2981.41
BK_34975,CAP,DAVID VILLA,2025-12-04,7,2109.93
BK_12654,CAP,SANDY RYAN,2025-04-14,1,249.75
BK_54916,SAN,peter bowman,2025-06-16,6,2711.47
BK_48187,LAZ,Tara Peterson,2025-06-04,4,1148.81
BK_28698,CAP,samuel anderson,2025-03-06,5,1536.68
BK_96100,SAN,Melissa Ramirez,2025-02-23,3,1178.41
BK_52489,CAP,Desiree Kaiser,2025-07-03,2,540.31
BK_93866,GAL,george vargas,2025-10-21,9,
BK_32851,GAL,curtis higgins,2025-11-14,7,1084.37
BK_50546,LAZ,Mary Butler,2025-08-19,5,1227.85
BK_43343,GAL,Gary Kelley,2025-07-14,4,715.49
BK_87376,ORO,allen thompson,2025-07-26,1,154.61
BK_48018,SAN,Thomas Hernandez,2025-03-01,2,845.39
BK_31074,ORO,CHRISTINE ALLEN,2025-04-27,5,881.55
BK_68763,GAL,rebecca levy,2025-09-11,4,671.77
BK_77823,GAL,nancy nixon,2025-10-17,7,1250.03
BK_65090,SAN,leslie shaw,2025-09-21,6,2998.03
BK_57718,ORO,ruben williams,2025-05-02,10,1439.37
BK_86738,LAZ,daniel mullins,2025-05-22,2,546.07
BK_92874,CAP,bradley harris,2026-02-13,12,3125.98
BK_86093,LAZ,gregory davis,2025-11-25,5,1510.92
BK_64414,CAP,ryan fox,2025-11-30,9,2700.08
BK_20657,SAN,brandon solomon,2026-01-21,4,1660.77
BK_53903,CAP,Elizabeth Fox,2025-07-06,2,643.3
BK_54355,ORO,Anthony Long,2025-05-20,2,294.89
BK_69762,ORO,JASON TREVINO,2025-06-10,9,1463.01
BK_96240,GAL,HEATHER ROGERS,2025-06-16,7,1218.96
BK_56115,GAL,SHERRY RUIZ,2025-08-05,6,1022.92
BK_55430,ORO,CHRISTY JORDAN,2025-12-04,10,1741.68
BK_94259,SAN,daniel blair,2026-02-07,5,2458.18
BK_10098,ORO,EVELYN MALDONADO,2026-01-13,11,1712.78
BK_87186,ORO,Katherine Williams,2025-03-01,4,729.83
BK_16244,LAZ,CARRIE STEWART,2025-06-29,7,1945.91
BK_99395,SAN,Hayden Robbins,2025-07-07,9,4193.42
BK_21023,H_UNK,janice johnson,2025-05-31,1,167.61
BK_53250,SAN,Michelle Mckinney,2025-09-03,1,494.63
BK_53714,GAL,Sonia Olsen,2025-07-19,2,335.63
BK_33310,ORO,DONNA KELLY,2025-09-05,8,1388.9
BK_93654,CAP,alexander hensley,2025-04-07,6,1768.74
BK_94457,CAP,David Garcia,2025-09-24,4,1229.58
BK_63203,CAP,Susan Sutton,2025-05-23,3,752.62
BK_50285,GAL,Amy Rhodes,2025-04-17,1,152.2
BK_12763,ORO,Carl Parker,2025-10-09,12,1642.2
BK_72500,ORO,Tiffany Lowery,2025-04-25,7,1059.44
BK_98583,ORO,NICHOLAS GREEN,2026-01-01,2,325.7
BK_78230,LAZ,PHILLIP NICHOLS,2025-11-03,2,623.22
BK_29275,LAZ,MICHAEL WIGGINS,2025-10-09,8,2411.09
BK_11067,CAP,Robert Wu,2025-10-14,12,3840.1
BK_12151,ORO,MARK SULLIVAN,2026-01-22,6,1074.86
BK_59558,CAP,Amber Mcdonald,2026-01-14,3,948.11
BK_44422,SAN,JEROME BAKER,2026-02-01,9,4457.1
BK_64957,H_UNK,Mary Le,2025-02-13,5,1960.89
BK_88891,SAN,jamie sullivan,2025-07-11,6,2463.89
BK_81018,GAL,william wheeler,2026-01-30,5,883.73
BK_21039,ORO,anthony barajas,2025-08-07,12,1741.27
BK_56258,LAZ,KELLY HALL,2025-11-05,6,1604.16
BK_92462,ORO,ROBERT BECKER,2026-01-22,3,513.75
BK_58042,SAN,Felicia Martin,2025-11-29,9,3763.18
BK_80846,CAP,Erik Boyle,2025-08-19,6,1447.69
BK_34853,LAZ,SPENCER JONES,2025-07-31,8,2290.6
BK_53072,SAN,Megan Parker,2025-08-30,8,3886.82
BK_77997,LAZ,Terry Ruiz,2025-12-13,4,1102.54
BK_87763,CAP,Laura Peterson,2025-03-07,9,2751.33
BK_31688,LAZ,DENISE STEVENS,2025-02-24,12,3668.06
BK_20700,ORO,Kristen Schultz,2025-07-24,8,1359.39
BK_45884,LAZ,ashley mitchell,2025-03-26,3,827.32
BK_62315,LAZ,randall lopez,2025-12-04,2,499.0
BK_87383,SAN,mitchell stokes,2025-02-18,7,2838.86
BK_31146,SAN,christopher cooper,2025-06-27,7,3566.02
BK_90400,SAN,savannah hernandez,2025-11-02,6,2508.58
BK_36587,GAL,Carlos Williams,2025-07-29,3,535.67
BK_95712,SAN,Joshua Parker,2025-02-22,3,1251.58
BK_67737,ORO,CHRISTOPHER WHEELER,2025-09-22,6,1075.74
BK_51953,LAZ,JUSTIN WEST,2025-09-12,12,2860.11
BK_99666,CAP,HOLLY CALDWELL,2025-10-27,8,2267.7
BK_27803,GAL,HOLLY JOHNSON,2025-12-22,6,868.78
BK_29012,ORO,STEVEN HARRIS,2025-12-26,8,1163.27
BK_70429,SAN,Ashley Wade,2025-08-18,3,1190.67
BK_50299,GAL,ian humphrey,2025-12-19,11,1679.44
BK_20370,ORO,MELANIE KEMP,2026-01-17,7,1101.66
BK_84607,SAN,MORGAN FLORES,2025-11-30,9,3574.2
BK_63509,CAP,LAUREN MCCONNELL,2025-04-26,5,1530.66
BK_20351,LAZ,jennifer mcbride,2025-08-30,9,2201.75
BK_46016,SAN,JOSEPH MARTINEZ,2025-12-26,7,2894.44
BK_68659,LAZ,Troy Huynh,2025-08-22,8,1934.84
BK_42711,ORO,William Miller,2025-03-11,11,1592.48
BK_26372,CAP,Jesus Dunn,2025-11-23,3,782.96
BK_70185,LAZ,Heather Stephenson,2026-01-20,6,1774.71
BK_97652,ORO,mr. william boyd,2025-08-26,11,1713.02
BK_39632,ORO,michael weber,2025-10-14,9,
BK_93786,ORO,CHRISTINE GRIFFIN,2025-05-18,10,1464.96
BK_33831,ORO,DANIEL VANCE,2025-03-06,6,970.62
BK_16794,LAZ,robert rogers,2025-08-11,6,1468.16
BK_79557,SAN,Jessica Mcguire,2025-10-14,6,3061.84
BK_49072,ORO,MR. COREY MCCALL PHD,2025-10-22,4,553.91
BK_77609,SAN,Wendy Fuentes DVM,2025-11-29,4,1665.57
BK_27826,H_UNK,Teresa Church,2025-08-03,3,1503.93
BK_46056,CAP,nicholas roberts,2025-09-15,-1,-281.57
BK_12666,SAN,Tyrone Clark,2025-05-07,2,922.75
BK_85074,SAN,DANIEL TRUJILLO,2025-06-14,8,
BK_74127,CAP,Christine Perry,2025-10-09,3,797.83
BK_54610,SAN,TONY CHANEY,2025-06-19,5,2099.02
BK_70142,LAZ,Maria Walsh,2025-03-20,5,1368.88
BK_72050,CAP,melissa jacobson,2025-03-19,1,297.49
BK_35487,LAZ,julie howell,2025-06-27,10,2491.72
BK_55846,ORO,VINCENT SIMMONS,2025-02-19,1,178.38
BK_64712,ORO,Kyle Pacheco,2026-01-09,11,1666.6
BK_65152,LAZ,Stacy Kim,2026-02-03,11,3112.52
BK_40098,LAZ,danielle gomez,2025-04-19,8,
BK_59658,CAP,JENNIFER ESPINOZA,2025-11-03,5,1245.73
BK_43825,LAZ,Anthony Morse,2025-11-05,4,1227.21
BK_17976,ORO,GLENN HENRY,2025-02-17,5,817.09
BK_69942,CAP,CHRISTINE TAYLOR,2025-02-15,10,2868.06
BK_71144,CAP,SHARON BROWN,2025-04-27,4,1228.93
BK_43110,SAN,cindy smith,2025-10-04,12,4787.08
BK_40136,LAZ,Charles Gonzalez,2025-03-20,9,2700.87
BK_86441,ORO,Richard Mcguire,2025-03-03,2,300.31
BK_19347,SAN,john alvarado,2025-03-06,1,470.83
BK_19947,CAP,MRS. TRACI KNIGHT,2025-05-05,7,2027.06
BK_51892,GAL,CLAUDIA WHITE,2025-06-25,7,1221.97
BK_63745,LAZ,KRISTI MIRANDA,2025-10-05,2,561.37
BK_28366,LAZ,Joshua Smith,2025-05-25,4,1155.05
BK_98060,CAP,KATHLEEN CHAVEZ,2025-05-11,8,1946.14
BK_55717,SAN,courtney hayes,2026-01-18,8,3976.11
BK_79686,LAZ,edward lynch,2025-10-06,9,2335.28
BK_85349,SAN,katrina bell,2026-01-25,6,3026.93
BK_49991,LAZ,amber brown,2026-01-21,6,1451.41
BK_56369,SAN,KAREN POTTER,2025-06-07,3,1526.88
BK_26914,SAN,Brittany Miller,2025-04-26,7,3069.35
BK_96371,CAP,Amy Robinson,2025-02-18,-1,-248.74
BK_28820,ORO,Tara Collins,2025-08-25,2,273.77
BK_94886,CAP,Jonathan Carter,2025-03-29,8,2164.38
BK_65769,ORO,JOSE ANDERSON,2025-11-11,12,1652.06
BK_42604,CAP,Terri Dickson,2025-12-03,2,578.59
BK_32271,ORO,william kim,2025-06-01,10,1694.02
BK_49309,LAZ,gary wyatt,2025-06-09,4,968.49
BK_74232,SAN,MATTHEW MILLER,2025-04-25,3,1292.48
BK_34177,GAL,Dr. Susan Weaver,2026-01-18,7,1078.35
BK_70153,GAL,nicholas mathis,2025-09-03,-1,-160.18
BK_25089,ORO,Tony Murray,2025-10-08,10,1771.75
BK_52552,SAN,THOMAS RAYMOND,2025-06-16,11,4356.47
BK_22158,LAZ,kristin johnson,2025-04-13,12,3830.31
BK_93682,CAP,CHAD MEYER,2025-04-13,10,2612.18
BK_86006,LAZ,RICHARD MARTIN,2026-01-05,9,2373.68
BK_81345,GAL,mark woodward,2025-03-15,11,1565.15
BK_62927,LAZ,James Hernandez,2025-04-04,11,2752.38
BK_25131,GAL,ryan phillips,2025-08-21,12,1714.26
BK_77876,CAP,MICHAEL LOGAN,2025-04-24,1,276.17
BK_72956,LAZ,David Bates,2025-06-02,2,553.68
BK_85468,CAP,BARBARA DIAZ,2025-11-28,2,579.95
BK_39034,CAP,bridget armstrong,2025-08-19,6,1772.31
BK_72744,CAP,carolyn watson,2025-11-14,2,547.77
BK_88060,LAZ,MIRANDA KELLER,2025-11-12,9,2790.46
BK_98052,SAN,Meghan Williams,2025-06-09,5,2026.36
BK_79980,CAP,Patty Miller,2026-01-15,5,1554.71
BK_57552,CAP,JUSTIN ROBINSON,2025-09-11,12,3347.39
BK_79533,ORO,JONATHAN FAULKNER,2025-02-13,4,620.41
BK_69660,GAL,DAVID HOUSTON,2025-03-31,5,823.79
BK_59635,CAP,WILLIAM PETERSON,2026-01-04,10,2822.17
BK_29206,GAL,judith wiley,2025-06-20,7,1165.08
BK_68233,ORO,ERIKA BUCHANAN,2026-02-01,8,1295.53
BK_44609,LAZ,Stephanie Cunningham,2025-03-06,8,2446.59
BK_79888,CAP,Alexander Nelson,2025-03-17,1,261.16
BK_77083,ORO,MICHELLE MILLER,2025-10-03,3,469.16
BK_92864,ORO,Eric Ponce,2025-05-26,9,1563.44
BK_67376,ORO,TIM JAMES,2025-08-24,8,1369.94
BK_37943,LAZ,BILL JOHNSON,2025-12-19,6,1575.94
BK_81972,SAN,ZACHARY WATERS,2025-04-09,12,5330.01
BK_32993,LAZ,Juan Webster,2025-03-02,12,3286.11
BK_75555,LAZ,TYLER JACKSON,2025-09-25,6,1673.36
BK_48049,LAZ,anne nunez,2025-06-23,1,264.75
BK_97278,LAZ,LORI GUTIERREZ,2025-11-07,9,2326.75
BK_48444,SAN,MELANIE JOHNSON,2025-07-03,12,5603.41
BK_57356,ORO,andrew gonzalez,2026-01-20,4,708.55
BK_89139,ORO,ROBERT TURNER,2025-04-18,3,521.08
BK_87525,LAZ,GLENN SMITH,2025-08-12,4,1068.06
BK_27660,GAL,JORDAN LARSEN,2025-06-30,11,1682.79
BK_85203,GAL,shelby reed,2025-08-02,2,293.41
BK_23975,SAN,Patricia Lucas,2025-09-02,1,426.56
BK_38840,CAP,RACHEL FORD,2025-09-09,11,3256.49
BK_54967,ORO,TARA SMITH,2025-12-01,1,157.77
BK_73733,LAZ,joseph curry,2025-10-05,7,1897.79
BK_46334,ORO,john spencer,2025-09-07,2,
BK_63214,GAL,bruce williams,2025-09-26,2,299.97
BK_99476,SAN,Terri Reed,2025-06-08,1,470.19
BK_72226,ORO,lawrence jackson,2025-10-31,2,286.88
BK_94993,LAZ,matthew patterson,2025-11-21,11,3100.19
BK_89485,ORO,angela riley,2025-06-05,11,1658.21
BK_63400,LAZ,matthew shea,2025-07-19,5,
BK_51466,ORO,CHRISTOPHER POPE,2026-01-03,9,1616.76
BK_54635,GAL,tracy mcintosh,2025-07-11,6,990.75
BK_38579,GAL,CHASE MCKAY,2025-09-28,1,162.51
BK_36888,GAL,victor lloyd,2025-08-02,3,415.97
BK_33093,LAZ,sandra mccarthy,2025-09-14,-1,-275.38
BK_36729,SAN,kenneth johnson,2025-08-21,10,4589.28
BK_47716,GAL,Ashley Mack,2025-03-11,4,562.97
BK_83968,ORO,ann everett,2025-04-24,5,807.53
BK_24463,SAN,DENISE WOOD,2025-08-31,11,4441.3
BK_86877,LAZ,JERRY GRAHAM,2025-03-26,11,3205.53
BK_16137,GAL,ashley smith,2025-03-13,2,289.61
BK_39973,SAN,kayla wright,2025-12-04,7,3007.42
BK_96805,ORO,STEPHEN LEONARD,2025-12-02,10,1619.03
BK_70298,GAL,Paige Garcia,2025-04-02,4,727.65
BK_60639,LAZ,raymond miller,2025-03-03,11,2682.11
BK_35595,GAL,DAVID LEE,2025-10-17,9,1265.77
BK_28736,GAL,Lindsay Johnson,2025-10-22,2,347.07
BK_66719,ORO,tiffany russo,2025-05-01,3,520.02
BK_33086,LAZ,samuel richards,2025-05-07,4,987.69
BK_73651,SAN,KENNETH BEAN DDS,2025-11-29,9,3616.67
BK_20475,GAL,MICHAEL SILVA,2025-10-21,7,1186.74
BK_76112,GAL,DAVID LEWIS,2025-04-03,8,1363.68
BK_54753,SAN,Frederick Aguilar,2025-02-19,12,5253.5
BK_98998,ORO,kylie wright,2025-12-16,2,360.56
BK_29438,LAZ,david quinn,2025-07-08,3,898.2
BK_84610,SAN,bryan conway,2025-08-09,6,2296.94
BK_88297,SAN,WANDA THOMPSON,2025-07-13,8,4090.2
BK_26967,ORO,RONALD ROWLAND,2025-05-29,1,168.62
BK_63060,CAP,STEVEN ALLEN,2025-06-06,5,1467.29
BK_96828,SAN,Steven Reed,2025-04-26,-1,-391.79
BK_12251,SAN,MICHELLE JACKSON,2025-05-04,3,1349.08
BK_67965,SAN,angela figueroa,2025-08-13,5,2148.42
BK_33502,ORO,CHRISTINE PAGE,2025-10-15,1,169.09
BK_84254,SAN,WILLIAM FROST,2025-11-24,3,1445.24
BK_76596,CAP,ERIC MANN DDS,2026-01-23,3,883.47
BK_70992,LAZ,CINDY JOHNSON,2025-02-26,1,259.13
BK_57273,CAP,Tonya Williams,2025-10-21,6,1804.61
BK_89607,GAL,JENNIFER VILLA,2025-11-12,6,939.17
BK_56155,SAN,Jamie Torres,2026-01-31,2,872.78
BK_19259,ORO,sara hoffman,2025-07-17,4,704.44
BK_14476,CAP,MICHAEL WEST,2026-02-12,4,979.78
BK_56200,LAZ,TERESA DAVIDSON,2025-12-29,7,1789.47
BK_68613,ORO,harry moore,2025-07-21,6,902.8
BK_33184,CAP,ANDRE MURRAY,2025-03-26,10,2496.29
BK_29538,GAL,CARLOS DANIELS,2025-09-26,4,622.68
BK_91059,GAL,Karen Holland,2026-01-18,5,798.54
BK_50153,CAP,kurt allen,2025-12-01,2,610.25
BK_77890,ORO,MICHELLE GREEN,2025-10-24,2,341.48
BK_60418,SAN,Kelly Lawrence,2025-11-26,11,4894.23
BK_24656,LAZ,CODY MCCORMICK,2025-11-09,9,2676.85
BK_36352,CAP,MELISSA BLAIR,2025-10-01,2,519.61
BK_64418,SAN,JOHN JOHNSON,2025-03-29,5,2304.51
BK_96483,CAP,joseph hall,2025-04-02,12,3860.43
BK_94418,SAN,Terry Walker,2026-01-16,8,3288.18
BK_19776,GAL,Renee Colon,2025-12-21,3,523.24
BK_84946,CAP,MELISSA WILCOX,2025-04-11,2,521.94
BK_61479,LAZ,Paula Tucker,2025-08-02,11,3161.34
BK_41866,SAN,DIAMOND KHAN,2025-11-03,10,4253.16
BK_24851,CAP,jenny johnson,2025-03-30,1,
BK_90513,SAN,Eric Villanueva,2026-01-23,5,1924.71
BK_24085,CAP,jason jenkins,2025-12-20,10,3157.75
BK_82948,SAN,victoria fox,2025-06-16,3,1232.11
BK_82019,GAL,mary ramirez,2025-04-29,4,649.39
BK_96316,CAP,RHONDA BAKER,2025-02-15,9,2515.46
BK_11296,CAP,PAULA GARCIA,2025-06-06,7,1713.96
BK_26900,LAZ,Rachel Kelly,2025-08-07,-1,-262.93
BK_28961,GAL,MICHELLE BRIGGS,2025-03-11,3,426.45
BK_30965,ORO,mallory james,2025-10-05,1,161.15
BK_10582,LAZ,EDWARD SANCHEZ,2025-05-30,10,3126.3
BK_89427,CAP,jeremy shelton,2025-06-28,3,918.36
BK_63539,LAZ,jennifer young,2025-07-12,3,823.79
BK_86244,GAL,Joseph Lambert,2026-02-08,1,175.62
BK_76906,ORO,Shane Smith,2025-08-19,11,1830.3
BK_42660,GAL,roberto jackson,2025-05-30,4,655.73
BK_74130,GAL,jamie valdez,2026-01-15,4,599.41
BK_71576,LAZ,sara love,2026-01-02,3,756.65
BK_37808,GAL,Cody Maldonado,2025-10-01,-1,-168.97
BK_13769,CAP,james jackson,2025-06-21,12,3052.58
BK_86845,SAN,DAVID KNOX,2025-04-13,6,2676.22
BK_80409,LAZ,Roberta Wong,2025-03-05,8,2534.7
BK_53632,ORO,kelly patterson,2025-06-01,1,157.12
BK_80114,LAZ,Gabriel Fisher,2026-01-21,3,806.08
BK_64969,GAL,frances johnson,2025-08-15,10,1779.33
BK_49774,SAN,Bridget Peck,2025-12-03,6,2412.44
BK_31865,GAL,michael moreno,2025-06-27,11,1641.73
BK_12225,ORO,ERIN BISHOP,2025-11-04,1,176.84
BK_88809,SAN,timothy murphy,2025-03-07,10,4867.01
BK_27141,CAP,Jessica Shields,2025-12-11,4,1204.23
BK_92789,CAP,Michael Williams,2025-12-20,3,888.84
BK_16857,SAN,matthew lee,2026-01-19,5,2457.65
BK_94463,LAZ,John Dickson,2025-04-03,11,3288.16
BK_35636,SAN,Crystal Wade,2025-05-29,11,5608.08
BK_47403,ORO,mr. charles wilson,2025-11-19,4,598.63
BK_38100,CAP,kimberly williams,2025-06-13,11,3381.59
BK_11646,LAZ,DILLON SINGH,2025-02-16,1,250.48
BK_72517,CAP,Crystal Mckee,2026-01-13,2,582.94
BK_67081,SAN,KIMBERLY MURPHY,2025-03-18,1,412.1
BK_52574,SAN,danielle sanchez,2025-08-22,9,4481.67
BK_72613,GAL,MARGARET SCOTT,2025-06-11,3,490.0
BK_14194,LAZ,CORY QUINN,2025-10-20,11,2741.08
BK_89677,CAP,Tiffany Jones,2025-05-24,7,2015.36
BK_45995,CAP,Robert Bryant,2025-06-01,8,
BK_82089,ORO,Mark Padilla,2025-11-09,10,1768.59
BK_11714,GAL,gregory sanchez,2026-01-02,8,1436.23
BK_12965,GAL,JAMES BROWN,2025-06-28,11,1586.18
BK_59162,GAL,Jaclyn Webb,2025-06-02,12,
BK_42337,ORO,Scott Carter,2026-02-04,4,672.94
BK_72891,ORO,SANDRA RODRIGUEZ,2025-04-19,2,275.5
BK_98870,CAP,joseph erickson,2025-10-01,3,760.99
BK_16943,CAP,susan jones,2026-01-05,12,3031.23
BK_64294,SAN,Chloe Webb,2026-01-09,4,1796.23
BK_18586,GAL,suzanne newton,2025-02-28,1,142.71
BK_26105,ORO,DANIELLE VILLARREAL,2025-08-31,10,1442.63
BK_31428,ORO,VALERIE ORTEGA,2025-05-03,2,348.29
BK_98555,CAP,ROBERT MARSHALL,2025-02-24,12,3322.35
BK_61393,GAL,GLORIA RODRIGUEZ,2025-08-15,9,1267.23
BK_31540,SAN,Susan Butler,2025-07-25,11,4259.03
BK_45187,GAL,CLARENCE MARTIN,2025-10-12,5,699.89
BK_34770,ORO,jennifer gutierrez,2025-11-23,11,1554.2
BK_30574,ORO,TAYLOR HARRISON,2025-05-06,6,849.16
BK_55724,GAL,DENISE HERNANDEZ,2025-12-18,7,1026.75
BK_30666,ORO,john palmer,2025-10-13,7,970.23
BK_60556,SAN,Nina Coleman,2025-10-14,1,501.97
BK_39323,ORO,jennifer hall,2025-04-04,8,1213.27
BK_55580,CAP,CASEY KENNEDY,2025-12-01,3,931.14
BK_90341,GAL,christopher klein,2025-06-17,1,155.19
BK_43776,GAL,valerie stout,2026-01-13,5,820.58
BK_39967,ORO,Jamie Wood,2025-10-30,1,136.95
BK_24673,GAL,ROBERT ROSS,2026-01-12,6,859.26
BK_50653,GAL,hannah clark,2025-07-18,4,686.8
BK_82550,LAZ,MICHAELA ELLIOTT,2025-03-31,3,806.98
BK_69905,ORO,ROBIN ADAMS,2025-12-08,7,1061.55
BK_20350,LAZ,CARLOS NOVAK,2025-12-03,6,1599.45
BK_14041,GAL,KELLY WILSON,2025-04-07,6,
BK_69402,LAZ,TIMOTHY CANTRELL,2025-12-28,7,2014.95
BK_11328,LAZ,ashley scott,2026-01-11,6,1887.38
BK_46719,CAP,Amanda Nunez,2025-08-10,6,1542.03
BK_93827,H_UNK,Antonio Levine,2025-11-22,11,3382.83
BK_40267,ORO,levi wright,2025-07-12,8,1184.37
BK_38887,GAL,KEVIN LYNCH,2025-08-31,3,452.6
BK_71369,GAL,michael irwin,2025-10-17,2,347.01
BK_47982,SAN,Eric Caldwell,2025-06-04,1,469.61
BK_49117,CAP,ALEXANDER CARRILLO,2025-04-24,4,1147.81
BK_32957,CAP,BARBARA PATTON,2025-06-05,7,1906.19
BK_99129,GAL,ANDREW MARTINEZ,2025-08-05,5,765.23
BK_31987,GAL,timothy woods,2025-02-19,7,987.53
BK_24146,SAN,Gordon Mcpherson,2025-10-28,4,1787.53
BK_58833,CAP,JIMMY HIGGINS,2025-12-27,1,297.81
BK_92312,ORO,Michael Brown,2026-01-05,2,297.94
BK_76728,SAN,Emily Warner,2025-04-20,11,4635.29
BK_26652,CAP,SIERRA GARDNER,2025-07-19,8,2161.13
BK_44529,SAN,Regina Torres,2025-12-09,4,2023.66
BK_73764,GAL,michael chavez,2025-05-04,7,1090.72
BK_39567,GAL,MELANIE HANNA,2025-12-19,10,1649.34
BK_58716,SAN,Lindsey Arnold,2025-07-29,2,1016.84
BK_35121,ORO,Jessica Rangel,2025-09-16,7,1162.56
BK_32915,SAN,NATHAN GIBSON,2025-11-07,3,1210.15
BK_73193,CAP,allen joseph,2025-09-11,9,2291.16
BK_49526,SAN,ELIZABETH FRANCIS,2025-10-24,4,1717.36
BK_28142,SAN,Stephanie Flowers,2025-05-05,6,2854.46
BK_94583,SAN,TRACY VALENTINE,2025-04-27,-1,-418.61
BK_13276,LAZ,Lindsey Cox,2025-07-09,3,887.71
BK_30013,GAL,Noah Fleming,2025-02-26,6,975.24
BK_86063,CAP,Lisa Delacruz,2025-05-03,5,1446.28
BK_18914,SAN,KATHERINE MONTGOMERY,2025-04-02,6,2789.5
BK_95638,LAZ,kristina lindsey,2026-01-15,3,837.9
BK_45096,SAN,Lisa Lee,2026-01-30,12,5961.12
BK_83305,GAL,tracy davis,2026-01-22,7,1070.04
BK_35102,GAL,andrew harvey,2025-11-16,-1,-170.59
BK_89179,ORO,Brittany Hines,2025-09-30,2,305.19
BK_50416,ORO,Paul Thomas,2025-02-17,12,1751.46
BK_72284,ORO,jeremy rivera,2025-09-28,3,440.01
BK_16661,LAZ,william woods,2025-08-13,12,3268.42
BK_23154,GAL,MONICA MORRIS,2025-03-11,11,1708.34
BK_30011,CAP,keith walter,2025-09-02,9,2327.05
BK_17205,GAL,samantha johns,2025-03-31,3,458.5
BK_33255,SAN,michael rogers,2025-07-04,11,
BK_17830,LAZ,Jennifer Woods,2025-09-16,5,1489.23
BK_14428,SAN,Edward Brown,2026-02-01,12,5510.68
BK_72365,SAN,Shane Leblanc,2025-11-20,1,501.35
BK_85777,ORO,JAMES MARSH,2025-09-21,2,309.04
BK_35209,LAZ,carolyn moore,2025-10-13,-1,-295.55
BK_14124,LAZ,joshua bass,2025-11-25,11,2758.87
BK_37036,CAP,NICHOLAS BENTON,2025-09-01,2,502.78
BK_72189,SAN,AMBER LEE,2025-04-19,12,5301.04
BK_79153,LAZ,gerald lopez,2025-11-16,2,590.35
BK_72676,SAN,CHRISTINA HALEY,2025-07-22,8,3570.73
BK_10210,CAP,Darren Olson,2025-08-10,3,950.8
BK_38619,CAP,ian hutchinson,2025-06-25,12,3221.12
BK_48409,CAP,leslie cross,2025-12-19,7,1669.73
BK_71674,H_UNK,nancy davis,2025-05-29,7,3515.4
BK_30830,CAP,Randy Thornton,2025-06-17,4,1223.17
BK_50570,GAL,CHRIS CLAYTON,2025-07-21,1,142.06
BK_66117,GAL,JEROME FERNANDEZ,2025-08-22,11,1816.26
BK_17810,SAN,James Baker,2025-09-02,6,2789.31
BK_31188,ORO,Paul Tran,2025-08-01,8,1440.67
BK_58355,LAZ,jeffrey king,2025-09-11,11,3337.72
BK_13820,SAN,REGINA BROWN,2025-10-31,4,1794.01
BK_62501,GAL,alexander hill,2025-06-18,6,1041.84
BK_88028,H_UNK,christopher robinson,2025-08-31,8,1412.91
BK_77159,GAL,Roy Jones,2025-05-28,1,158.22
BK_14625,GAL,JAMES JAMES,2025-12-15,11,1936.19
BK_79158,CAP,Briana Patterson,2026-02-01,7,1987.72
BK_60598,GAL,Lisa Adkins,2025-12-24,5,852.19
BK_94236,LAZ,Kristen Graham,2025-02-16,7,2074.05
BK_80672,GAL,MARY RIVERA,2025-10-30,5,690.32
BK_78175,SAN,melinda mccullough,2025-02-14,9,3677.86
BK_26403,CAP,CHRISTINA BLACK,2025-08-30,8,2327.03
BK_48317,GAL,daniel graham,2025-11-16,2,274.19
BK_10056,SAN,NICOLE MOLINA,2025-06-18,1,477.05
BK_61203,GAL,MR. ANTHONY BARTON,2025-04-05,3,
BK_64266,CAP,andrea roach,2025-08-13,9,2268.62
BK_70542,ORO,ANTHONY HAWKINS,2025-06-05,8,1131.0
BK_77166,GAL,martha jones,2026-01-12,10,1694.54
BK_89020,LAZ,HEATHER MORRIS,2026-02-04,6,1691.82
BK_31416,GAL,scott kennedy,2025-09-16,4,646.0
BK_13337,GAL,chloe powers,2025-03-19,5,898.0
BK_58215,ORO,ryan maldonado,2025-08-28,12,1671.2
BK_24158,LAZ,Thomas Huffman,2025-03-12,7,1873.09
BK_70370,SAN,james stevenson,2025-04-15,1,506.26
BK_83262,LAZ,micheal wagner,2025-03-30,1,307.02
BK_54412,LAZ,bethany george dds,2025-11-29,11,2647.5
BK_77822,CAP,Nicholas Berg,2025-09-16,1,253.35
BK_17527,SAN,Jennifer Sharp,2026-01-24,8,3858.03
BK_50186,ORO,KURT BURTON,2025-07-01,2,278.98
BK_70470,LAZ,STEPHEN MITCHELL,2026-01-10,5,1553.42
BK_60535,ORO,Randy Hernandez,2025-09-19,10,1433.44
BK_57061,CAP,Lori Johnson,2025-12-13,11,3067.6
BK_88166,CAP,Shannon Stevenson,2026-02-11,9,2881.21
BK_91939,ORO,DR. MICHELLE HENDERSON,2025-12-19,5,852.0
BK_10908,CAP,JESSICA MOSLEY,2025-09-07,2,617.73
BK_95873,GAL,robert hernandez,2025-07-14,11,1922.01
BK_74603,SAN,LAUREN WEST,2025-02-26,11,4262.97
BK_17157,CAP,Natalie Johnston,2025-11-08,7,2010.02
BK_65533,LAZ,Brandy Morales,2026-01-03,7,2100.91
BK_58142,GAL,anne jones,2025-10-17,6,874.86
BK_99403,GAL,Thomas Garcia,2025-05-28,6,1028.6
BK_78553,ORO,angela evans,2025-10-22,11,1915.51
BK_57084,ORO,claire black,2025-03-31,6,1007.82
BK_49235,CAP,NATHAN TODD,2025-08-23,11,2837.34
BK_41343,GAL,JACOB WRIGHT,2025-12-01,6,938.17
BK_88622,ORO,Natalie Mccann,2025-05-30,3,449.24
BK_41117,LAZ,rhonda cabrera,2025-03-05,10,2880.92
BK_35009,ORO,RUSSELL DOYLE,2025-10-16,3,520.7
BK_98162,ORO,brian stevens,2025-02-13,9,1457.64
BK_85026,GAL,KENNETH DECKER,2026-01-01,6,822.61
BK_79663,LAZ,teresa wheeler,2025-08-11,7,1720.45
BK_44121,CAP,allison day,2025-05-08,11,3402.1
BK_23292,ORO,Glenn Martinez,2025-11-15,8,1366.84
BK_57999,SAN,JAMES GILLESPIE,2025-04-11,7,3325.34
BK_27366,ORO,john harris,2025-05-08,7,1051.75
BK_23144,CAP,SUSAN RIOS,2025-07-21,8,1943.1
BK_22044,ORO,STEPHEN BOWMAN,2025-12-26,3,489.6
BK_10972,CAP,donna green,2025-07-15,6,1877.52
BK_20622,ORO,AMANDA SCOTT,2025-04-28,3,455.48
BK_20658,CAP,April Holmes,2025-05-17,4,
BK_82480,CAP,cindy williams,2025-06-23,-1,-305.01
BK_67623,GAL,Madeline Morris,2025-03-30,11,1734.89
BK_90574,SAN,PETER HAMILTON,2026-01-10,7,3404.14
BK_75333,LAZ,ROGER WOLFE,2025-06-20,2,572.29
BK_75741,GAL,RICHARD CARTER,2025-04-23,10,1447.75
BK_33631,LAZ,Mrs. Sarah Harrison,2025-03-02,4,1268.39
BK_68556,GAL,Joseph Schmitt,2025-06-05,7,1188.57
BK_31161,ORO,Hannah Hickman,2026-01-29,4,607.27
BK_42332,ORO,Bradley Moran,2026-02-10,4,675.97
BK_85798,H_UNK,zachary reynolds,2025-05-28,6,1826.48
BK_62849,CAP,Claudia Tate,2025-05-09,4,1192.48
BK_91160,SAN,Erin Ball,2026-01-02,7,3134.59
BK_18897,SAN,LUIS DURAN,2026-01-16,12,6026.98
BK_31510,GAL,daniel woods,2025-06-30,12,1995.57
BK_83617,SAN,JEFFREY MAYS,2025-06-25,2,774.08
BK_70890,SAN,RICHARD MURPHY,2025-11-02,6,2819.89
BK_82825,LAZ,Roger Garcia,2025-04-01,6,1872.85
BK_81148,SAN,mason ferguson,2025-11-13,7,3409.31
BK_45891,ORO,jessica reed,2025-12-23,9,1490.63
BK_87923,H_UNK,ashley dalton,2025-10-27,4,1857.13
BK_67469,GAL,RACHEL CAREY,2025-11-12,8,1258.23
BK_69183,GAL,dawn king,2025-10-24,9,1585.52
BK_12665,LAZ,JEREMY WEAVER,2026-01-30,2,625.86
BK_55494,ORO,mrs. anna newman md,2025-03-17,12,
BK_70398,GAL,geoffrey shaw jr.,2025-04-07,9,1302.09
BK_25763,CAP,jimmy edwards,2025-06-14,-1,-270.34
BK_95567,CAP,Brian Perez,2025-12-02,1,316.87
BK_59345,SAN,Rose Lester,2026-02-04,10,4590.08
BK_59894,GAL,DAVID SUTTON,2025-05-29,4,643.86
BK_25898,GAL,lisa smith,2025-06-10,2,363.13
BK_87070,ORO,Laurie Shaw,2025-07-21,12,1784.04
BK_19064,CAP,chad carpenter,2026-01-19,3,815.77
BK_86908,GAL,Caitlin Dyer,2025-04-14,11,1604.37
BK_96070,CAP,MADELINE JOHNSON,2025-08-23,9,2854.2
BK_73584,GAL,KELLY QUINN,2025-03-12,3,431.65
BK_66912,SAN,TROY SIMS,2025-05-24,3,1271.6
BK_52687,ORO,tyler murray,2025-04-06,1,148.69
BK_56050,ORO,Aaron Moore,2025-08-26,1,154.39
BK_60250,SAN,TARA HOUSTON,2025-05-25,9,4183.52
BK_36102,GAL,JEFFREY UNDERWOOD,2026-02-03,6,945.62
BK_38350,SAN,marc adams,2025-11-17,11,5422.44
BK_23455,H_UNK,Keith Long,2025-03-11,5,2582.35
BK_20691,LAZ,EVAN BELTRAN,2026-01-03,6,1559.81
BK_35022,SAN,CRAIG RAMIREZ,2025-04-11,9,4229.2
BK_86542,CAP,ANDREA YATES,2025-06-30,12,3376.94
BK_85305,H_UNK,MICHAEL MASSEY,2025-05-02,11,4341.78
BK_21743,LAZ,THOMAS WALKER III,2026-01-26,8,2138.29
BK_66488,CAP,allison cook,2025-12-09,7,2115.48
BK_32032,SAN,anna jones,2026-01-12,5,2254.69
BK_77298,LAZ,larry fisher dds,2025-03-13,3,856.95
BK_59091,GAL,CHRISTIAN HALL,2025-04-02,1,137.27
BK_93326,GAL,WILLIAM KING,2025-08-05,12,2184.2
BK_27202,CAP,alexis turner md,2025-02-14,12,3287.93
BK_69517,CAP,James Holloway,2025-02-17,1,293.9
BK_66629,SAN,ELIJAH COOK,2025-12-04,2,866.93
BK_24690,LAZ,Susan Hall,2025-03-04,5,1587.8
BK_51327,SAN,JAMES LOPEZ,2025-02-15,12,4612.08
BK_63525,GAL,alexis martinez,2025-03-08,8,1207.01
BK_46625,GAL,phyllis hernandez,2026-01-29,5,727.37
BK_46039,ORO,Phillip Hall,2025-08-15,9,
BK_27689,GAL,gary browning,2025-11-19,8,1314.59
BK_86555,LAZ,DARLENE BONILLA,2025-06-08,1,299.86
BK_24494,GAL,Dean Rodgers,2025-03-10,5,706.42
BK_54593,ORO,LISA SPENCE,2025-04-13,11,1517.19
BK_38497,ORO,Megan Morton,2025-07-25,11,1677.18
BK_50219,ORO,CYNTHIA BALL,2025-12-28,2,295.12
BK_11902,SAN,holly nguyen,2025-04-04,7,3035.53
BK_81810,CAP,JENNIFER RIVAS,2025-04-28,12,3701.38
BK_49424,CAP,Andrea Salazar,2025-09-17,2,516.94
BK_67049,SAN,lisa holt,2025-09-06,10,4615.56
BK_18887,GAL,Todd Romero,2025-02-26,11,
BK_22705,GAL,DYLAN POTTS,2025-10-10,10,1688.92
BK_13893,GAL,Matthew Vaughan,2025-05-21,8,1250.16
BK_91762,CAP,morgan skinner,2025-03-14,2,638.01
BK_16895,LAZ,jessica sanchez,2025-12-17,9,2220.8
BK_72334,CAP,DENISE HODGES,2026-01-22,8,2407.15
BK_44530,GAL,MELANIE DAY,2025-04-12,11,1709.35
BK_75612,CAP,Timothy Myers,2025-06-27,4,1162.21
BK_43928,LAZ,andrew george,2026-01-19,12,3545.4
BK_39536,GAL,Jennifer Cox,2025-02-13,12,1781.24
BK_97660,GAL,Dustin Castillo,2025-12-30,1,177.57
BK_84848,GAL,PAMELA SAUNDERS,2025-12-03,10,1616.27
BK_46263,ORO,michael myers,2025-05-20,8,1423.8
BK_63924,GAL,daniel vaughn,2026-02-01,11,1642.15
BK_77061,SAN,Douglas Moreno,2025-09-19,6,2763.75
BK_92690,LAZ,dana white,2026-01-31,2,489.49
BK_91224,SAN,justin brown,2025-12-29,5,2405.2
BK_50301,LAZ,Mr. Richard Russell,2025-12-12,3,820.48
BK_92591,ORO,Debbie Wolf,2025-06-24,8,1241.98
BK_79482,GAL,sandra frederick,2025-07-31,1,155.41
BK_13707,ORO,Samantha Taylor,2025-05-23,1,163.89
BK_78130,LAZ,Leslie Keller,2025-04-15,4,1128.15
BK_54034,LAZ,Matthew Daniel,2025-03-10,9,2587.43
BK_53068,CAP,CHRISTINA NGUYEN,2025-06-11,5,1569.32
BK_26766,SAN,Andrew Garcia,2025-09-22,3,1441.16
BK_44397,ORO,Matthew Vargas,2025-04-19,6,908.11
BK_12051,GAL,Ashley Welch,2025-07-08,8,1271.04
BK_19217,LAZ,JAMES YOUNG,2025-06-22,12,3668.23
BK_66434,LAZ,JOSHUA MOORE,2025-06-21,8,2438.11
BK_36824,SAN,LUKE SAVAGE,2025-09-30,7,2705.44
BK_13388,SAN,Tammy Newman,2025-12-21,11,5449.42
BK_36517,SAN,samantha cruz,2025-05-28,8,3664.23
BK_42907,LAZ,Paul Davenport,2025-06-22,3,786.36
BK_10734,GAL,Randall Brown,2025-07-10,3,533.2
BK_76633,ORO,donna kelly,2025-09-30,11,1834.2
BK_25600,ORO,Eric Chandler,2025-10-21,12,1875.99
BK_41690,GAL,MATTHEW WALTON,2025-12-24,6,1039.34
BK_83345,LAZ,DANNY ACEVEDO,2025-03-02,1,268.8
BK_58351,CAP,NICHOLAS MCCULLOUGH,2025-10-10,10,2655.1
BK_34339,SAN,Patrick Odom,2025-06-11,-1,-506.73
BK_68693,SAN,April Clark,2025-07-07,4,1979.59
BK_95881,CAP,Bethany Mathews,2025-09-04,2,601.5
BK_65177,CAP,Julie Mcdonald,2025-05-25,7,
BK_14043,GAL,angie morgan,2025-08-07,11,1649.0
BK_16884,CAP,Ronald Cain,2025-05-31,11,3063.44
BK_97405,ORO,WILLIAM FITZPATRICK,2025-04-24,2,
BK_47701,GAL,christopher williamson,2025-04-21,11,1861.0
BK_44624,SAN,BRETT NELSON,2025-10-15,5,2255.91
BK_89909,GAL,Jacob Pierce,2025-07-13,7,1250.27
BK_27294,LAZ,hayley vega md,2025-07-31,9,2370.98
BK_36524,SAN,Stephanie Jacobs,2025-12-08,4,1650.56
BK_14661,CAP,robert norman,2025-06-06,5,1439.38
BK_39705,SAN,daisy watson,2025-07-22,5,2280.09
BK_29788,CAP,Phillip Owens,2025-11-24,3,729.27
BK_43680,GAL,jamie harris,2025-08-07,7,1131.41
BK_38102,CAP,MR. SHAWN HALL,2025-07-03,5,1348.39
BK_14029,LAZ,PATRICIA DORSEY,2025-06-24,5,1557.81
BK_50986,LAZ,Darryl Dunn,2025-10-29,11,3438.76
BK_22200,GAL,JOHN KNIGHT,2025-09-27,11,1584.15
BK_82501,CAP,kathleen mcgee,2025-10-04,6,1619.09
BK_65794,ORO,Timothy Phillips,2025-12-07,10,1368.48
BK_69908,SAN,Heather Shaw,2025-11-25,10,4850.18
BK_77371,SAN,Kathleen Richardson,2025-04-15,2,935.03
BK_11731,GAL,richard walker,2025-03-09,7,1118.31
BK_87876,LAZ,Lisa Cooper,2025-02-19,2,603.48
BK_31422,SAN,joshua chavez,2025-04-24,2,878.71
BK_50009,GAL,william ortiz,2025-09-29,3,536.74
BK_50257,ORO,KRISTIN EWING,2025-11-14,2,288.29
BK_37313,SAN,taylor cox,2025-08-13,10,4388.09
BK_71554,CAP,Kenneth Armstrong,2025-05-09,9,2610.94
BK_69433,LAZ,katelyn warren,2025-02-28,11,2618.62
BK_28270,ORO,ANNA COX,2025-07-16,2,281.25
BK_41349,CAP,Brian Allen,2025-10-19,11,3534.15
BK_27255,ORO,Dr. Timothy Hays,2025-10-15,2,274.2
BK_86963,ORO,Dr. Dominique Powers MD,2026-02-12,5,907.84
BK_80213,GAL,Louis Brown,2025-09-04,6,957.38
BK_15602,GAL,tracy rivers,2025-03-13,9,1451.37
BK_92847,ORO,GEORGE WILLIAMS,2025-04-26,1,164.4
BK_47391,LAZ,alec hernandez,2025-07-24,3,742.96
BK_40255,LAZ,jordan dunn,2025-11-12,5,1500.1
BK_59199,ORO,KEVIN WHEELER,2026-01-04,4,581.12
BK_45996,CAP,steven anderson,2025-10-08,8,1956.45
BK_98217,ORO,Lori Lopez,2025-06-10,8,1201.16
BK_79846,GAL,Allison Johnson,2025-05-02,7,1039.89
BK_26280,CAP,joyce wang dvm,2025-08-08,12,3630.42
BK_81082,LAZ,ALEXANDRA RODRIGUEZ,2025-02-25,2,536.92
BK_30573,ORO,christopher hammond,2025-10-18,1,170.72
BK_40525,SAN,DONNA FLORES,2025-10-08,8,3629.05
BK_24791,ORO,david gonzalez,2025-09-19,5,704.61
BK_47816,ORO,Erin Guzman,2025-05-08,9,1307.18
BK_41051,ORO,Dakota Johnson,2025-04-17,-1,-152.44
BK_17585,ORO,Jonathan Harris,2025-05-07,5,731.04
BK_36564,SAN,PATRICK MACK,2025-06-16,3,1450.47
BK_98296,GAL,JOHN GILES,2025-07-18,9,1230.6
BK_21737,GAL,nicholas robinson,2025-08-14,3,500.54
BK_86117,CAP,James Taylor,2025-05-07,5,1226.89
BK_35757,GAL,Lisa Snow,2025-12-22,2,308.76
BK_94632,CAP,Cesar Jones,2025-05-09,12,3707.79
BK_56096,CAP,Mary Hernandez,2025-08-06,1,281.16
BK_68228,CAP,Joshua Weaver,2025-12-02,8,2537.18
BK_55586,LAZ,Krystal Hernandez,2025-11-07,1,240.47
BK_50187,ORO,John Watson,2026-02-03,7,1076.07
BK_68017,SAN,lee hughes,2025-06-07,9,3732.66
BK_95840,LAZ,Mariah Vega,2025-09-27,10,2589.24
BK_76320,LAZ,KIMBERLY GARCIA DVM,2025-03-15,3,964.85
BK_64086,CAP,Jeffrey Maddox,2025-10-26,11,2642.09
BK_48905,ORO,Andrew Stephens,2025-04-08,2,281.94
BK_92701,CAP,rachel sweeney,2025-10-03,5,1561.27
BK_82332,ORO,joshua spence,2025-02-18,1,162.5
BK_58632,CAP,JAMES BROWN,2025-12-14,9,2727.86
BK_99419,ORO,DAVID STEVENS,2025-12-29,4,730.79
BK_79376,GAL,Katelyn York,2025-04-10,8,1451.73
BK_58400,SAN,JESSE MEJIA,2025-12-15,7,2777.04
BK_35796,LAZ,Janet Dunn,2025-09-13,5,1363.64
BK_89766,ORO,MICHAEL SALAZAR,2025-02-25,2,296.26
BK_49129,CAP,Robert Cox,2025-05-01,9,2718.26
BK_48508,ORO,james burch,2026-01-30,7,969.32
BK_50585,GAL,SCOTT JOHNSON,2025-11-21,4,625.59
BK_14849,ORO,ryan mccoy,2025-10-27,5,736.39
BK_96580,CAP,daniel graham,2026-01-20,7,2149.62
BK_84304,LAZ,FRANCISCO BYRD,2025-08-06,1,245.74
BK_49183,CAP,diana krueger,2025-09-01,8,2248.09
BK_75554,SAN,PAMELA PRATT,2025-02-22,6,2999.33
BK_14621,SAN,GREGG HODGE,2025-11-01,12,5687.24
BK_23660,LAZ,Mary Klein,2025-03-16,11,3447.64
BK_55729,CAP,charles sharp,2025-05-24,11,2871.61
BK_31821,LAZ,JAMES PEREZ,2025-11-05,3,805.11
BK_35691,ORO,KRISTEN DUDLEY,2025-10-08,11,1505.88
BK_41510,SAN,David Martinez,2025-11-18,5,2004.18
BK_80076,CAP,paul yang,2026-01-30,8,2555.04
BK_58060,LAZ,BRYCE YATES,2025-12-10,11,2730.29
BK_80417,ORO,Autumn Edwards,2025-12-15,2,284.35
BK_59543,CAP,Paul Rosales,2025-06-15,12,3336.81
BK_21348,SAN,Stephen Roberts,2025-07-06,10,4510.25
BK_96771,CAP,BLAKE PHILLIPS,2025-03-22,8,2266.21
BK_39421,GAL,william navarro,2025-03-26,3,498.23
BK_54085,LAZ,Jermaine Huffman,2025-03-20,6,1510.26
BK_70602,CAP,TAMMY PEREZ,2025-06-17,8,1916.73
BK_15372,SAN,TAMMIE MCLEAN,2025-12-22,6,2804.75
BK_22348,SAN,JASON ROBINSON,2025-10-31,10,3852.6
BK_96293,H_UNK,jack parsons,2025-08-02,12,3033.31
BK_21558,LAZ,Anthony Morgan,2025-06-12,4,1076.3
BK_49853,LAZ,JOHNNY LUCAS,2025-12-11,10,3015.96
BK_73402,SAN,Amanda Martin,2025-07-05,8,
BK_32136,SAN,charles martinez,2025-08-09,11,5636.53
BK_41125,SAN,JEREMY GARDNER,2025-08-12,-1,-479.63
BK_86916,GAL,linda smith,2025-08-03,12,1800.03
BK_78817,ORO,LINDSAY REED,2025-06-13,1,163.12
BK_61703,GAL,JANET WRIGHT,2026-02-08,10,1796.0
BK_67601,CAP,david gonzales,2025-11-15,2,616.17
BK_48341,CAP,philip hughes,2025-11-21,4,1172.64
BK_69902,LAZ,Barry Cobb,2026-02-01,10,2717.29
BK_28082,GAL,Jacob Dixon,2025-06-28,7,1148.74
BK_95554,ORO,Brett Jackson,2025-05-13,11,1918.31
BK_28062,CAP,ADAM HAYES,2025-11-11,5,1532.3
BK_49132,CAP,MADELINE HALL,2025-08-14,7,2028.74
BK_67416,CAP,Colton Turner,2025-02-16,12,3769.03
BK_92290,H_UNK,KRISTIN HUFF,2025-10-13,2,282.27
BK_79990,LAZ,thomas carter,2025-09-16,7,1747.73
BK_53568,LAZ,nathan robinson,2025-06-21,6,1684.28
BK_69250,CAP,william holmes,2026-01-27,4,1097.97
BK_94208,LAZ,Melissa Hart,2025-10-08,3,842.5
BK_33372,SAN,claudia castro,2025-03-29,2,983.21
BK_35991,ORO,terry payne,2026-02-12,7,1021.35
BK_70811,ORO,Jacob Martin,2025-07-31,-1,-136.72
BK_99268,GAL,Joe White,2025-09-21,5,901.36
BK_93066,SAN,THERESA GRAVES,2025-12-15,-1,-408.83
BK_33133,LAZ,ANTHONY THORNTON,2025-09-28,3,721.0
BK_46206,SAN,SARAH MURRAY,2025-12-27,1,483.87
BK_14291,CAP,RANDALL KNIGHT,2025-03-12,8,2048.14
BK_52804,ORO,Joseph Ramirez,2025-04-12,5,825.1
BK_35414,ORO,CHRISTOPHER GREGORY,2025-04-29,8,1130.39
BK_36101,ORO,paul cuevas,2025-06-05,7,1103.05
BK_43746,ORO,brian butler,2025-09-20,9,1532.98
BK_73475,SAN,Jennifer Smith,2025-02-15,9,3548.46
BK_26268,ORO,DONNA MORGAN,2026-02-05,10,1728.84
BK_35639,SAN,Lisa Perez,2025-02-24,-1,-432.3
BK_29898,LAZ,BETH BROWN,2025-04-02,11,2928.38
BK_13980,CAP,lindsay richard,2025-11-24,7,1780.71
BK_92031,CAP,Matthew Perry,2025-05-01,3,804.23
BK_25221,SAN,Jeffrey Hamilton,2025-11-24,6,2985.37
BK_45757,LAZ,Monica Garcia,2025-09-19,12,2911.53
BK_77004,SAN,JAIME RODRIGUEZ,2025-08-19,7,2977.82
BK_56006,CAP,karen burnett,2025-11-03,7,1891.0
BK_32430,SAN,ERIN RANGEL,2025-12-23,3,1232.25
BK_32744,LAZ,robert young,2025-04-18,7,2193.37
BK_93636,ORO,kevin james,2025-10-14,6,1052.13
BK_77966,GAL,lisa williams,2025-09-02,7,1170.5
BK_85611,CAP,lucas cooke,2025-03-22,12,3843.15
BK_40972,SAN,GREGORY CAMPOS,2025-04-18,8,3682.58
BK_33151,SAN,JENNIFER CARR,2025-05-09,5,2125.79
BK_53856,SAN,CHRISTIAN JONES,2025-09-23,-1,-498.94
BK_92935,GAL,Kirsten Cobb,2026-01-08,7,975.31
BK_73756,LAZ,gordon gonzales,2025-06-12,7,1744.69
BK_26029,GAL,ronald vargas,2025-10-29,9,1262.77
BK_58046,CAP,STEVEN JOHNSON,2025-10-30,11,2954.15
BK_65375,CAP,BRENDA JOHNSON,2025-06-05,10,2957.44
BK_65517,ORO,Larry Smith,2025-11-02,5,897.59
BK_21373,LAZ,Jennifer Jackson,2025-07-27,8,2508.49
BK_21120,SAN,AMBER COLLINS,2025-07-15,11,5164.65
BK_97446,CAP,caroline beltran,2025-12-08,12,2997.99
BK_79301,ORO,Gregory Osborn,2025-09-01,11,1980.47
BK_41404,ORO,amy vasquez,2025-06-18,2,321.54
BK_73292,CAP,megan ford,2025-08-30,5,1349.09
BK_85540,GAL,susan sanchez,2026-01-07,2,357.75
BK_97319,CAP,ALICIA VARGAS,2025-11-23,12,3495.72
BK_66228,LAZ,David Esparza,2025-05-30,9,2373.31
BK_29159,LAZ,COURTNEY COX,2026-01-23,2,570.02
BK_86386,SAN,Jerry Wilson,2025-12-19,5,1941.58
BK_61168,LAZ,TAMMY BERGER,2025-05-15,12,3281.6
BK_46746,LAZ,DARRELL ALLEN,2025-08-29,12,3777.05
BK_52436,CAP,bryan lee,2025-03-15,7,1806.07
BK_63719,LAZ,ROBERT BROWN,2025-11-06,7,2171.07
BK_59789,H_UNK,tammy rosales,2025-06-28,10,1837.97
BK_57215,GAL,dakota hanson jr.,2025-08-06,1,155.51
BK_52026,SAN,CODY NEWTON,2025-06-23,7,3020.32
BK_63883,ORO,JONATHAN COOK,2025-06-22,2,278.26
BK_41303,LAZ,JESSICA LAMBERT,2025-10-04,-1,-291.26
BK_51720,ORO,BRENT JENNINGS,2025-04-27,1,138.67
BK_73310,GAL,paul flores,2025-07-21,4,620.67
BK_70733,LAZ,caroline arellano,2025-09-14,10,2554.44
BK_45942,CAP,craig marks,2025-08-30,3,815.02
BK_54097,ORO,David Duncan,2025-08-14,11,1784.98
BK_47233,CAP,Robert Collier,2025-04-23,7,1731.82
BK_51422,ORO,kristy garcia,2025-07-04,12,2042.65
BK_30160,H_UNK,stephen washington,2025-07-23,6,3066.39
BK_57244,LAZ,KIMBERLY CAMPOS,2025-08-24,6,1694.74
BK_25598,LAZ,FELICIA BROWN,2025-11-14,4,1052.09
BK_75759,ORO,Joseph Moore,2025-04-22,7,1210.2
BK_19571,LAZ,Heather Cuevas,2025-03-11,4,1221.65
BK_79230,GAL,ALEXANDRA SALINAS,2025-03-18,6,998.85
BK_87392,CAP,rebecca silva,2025-08-02,7,1949.59
BK_74090,ORO,Scott Willis,2025-12-09,4,561.5
BK_42727,ORO,rodney walsh,2025-10-12,10,1767.07
BK_83792,LAZ,Bradley Sutton,2025-05-30,4,1273.57
BK_88198,ORO,Jackie Norman,2025-11-23,2,360.19
BK_26014,LAZ,eric byrd,2025-09-10,10,3129.0
BK_27735,ORO,Melissa Barnes,2025-02-28,9,1289.26
BK_77152,SAN,Mariah Shaffer,2025-04-29,12,4982.46
BK_52810,SAN,TRICIA MORRIS,2025-11-02,2,1014.2
BK_95865,LAZ,steve nelson,2025-08-05,5,1353.98
BK_64309,CAP,dr. henry garcia,2026-01-08,1,274.18
BK_58430,CAP,joyce carter,2025-12-24,1,284.77
BK_44105,LAZ,MICHAEL TAYLOR,2026-01-08,12,3625.04
BK_93914,LAZ,Christopher Hughes,2025-09-03,5,
BK_57536,ORO,shannon moran,2026-01-09,3,437.46
BK_55595,GAL,alicia tran,2025-11-01,6,1078.2
BK_58598,SAN,JAMES CLARK,2025-04-03,9,3487.26
BK_71210,GAL,michelle smith,2026-01-27,3,473.67
BK_58573,ORO,CAROLYN SANTIAGO,2025-09-10,3,551.01
BK_92134,ORO,JODY MILLER,2026-02-03,12,1695.8
BK_35045,GAL,Carl Hansen,2025-05-20,2,350.29
BK_55067,H_UNK,Brooke Wood,2025-12-11,3,743.97
BK_27539,GAL,Brandon Baker,2025-06-25,4,722.31
BK_96000,LAZ,ELIZABETH CRUZ,2025-02-20,8,2188.79
BK_79249,CAP,Alexis Carter,2025-03-27,9,2664.47
BK_37229,GAL,SAMANTHA PEREZ,2025-11-25,5,691.2
BK_87928,CAP,kaylee reynolds,2025-05-22,4,1269.18
BK_69305,GAL,Amanda Williams,2025-05-20,11,1699.66
BK_43197,CAP,Katie Smith,2025-07-07,4,1149.32
BK_80432,CAP,ethan tran,2025-09-24,7,1875.1
BK_38718,CAP,amanda black,2025-10-22,11,3259.65
BK_56128,SAN,EDWIN CLAYTON,2025-05-22,12,6017.62
BK_42010,GAL,Jeremy Jackson,2025-12-08,11,1766.27
BK_74483,LAZ,Wendy Erickson,2025-06-20,4,1175.41
BK_40086,ORO,Robert Lucero,2026-01-18,4,654.88
BK_39826,CAP,RONALD ACOSTA,2025-08-03,10,
BK_50737,SAN,spencer nelson,2025-11-16,5,2134.16
BK_16426,GAL,TERESA WALL,2026-01-07,5,723.45
BK_66546,ORO,LORI THORNTON,2025-07-25,7,1186.07
BK_42922,GAL,john garcia dvm,2025-12-02,1,141.96
BK_57748,LAZ,Dylan Rodriguez,2025-12-25,6,1919.92
BK_34678,GAL,maria boyer,2025-04-06,6,984.69
BK_43679,LAZ,todd king,2026-02-04,4,1065.32
BK_43335,LAZ,Brad Dunn,2025-04-20,11,2785.81
BK_42386,SAN,cody rodriguez,2025-11-16,8,3814.64
BK_42247,ORO,barbara boone,2025-11-02,4,577.4
BK_78097,GAL,MEGHAN TYLER,2025-05-19,1,172.73
BK_57836,LAZ,kayla collins,2025-07-28,6,1844.04
BK_73800,ORO,Eric Williams,2025-05-23,9,1456.69
BK_86531,CAP,Brittany Arnold,2025-04-03,7,1818.25
BK_28086,GAL,JULIE PATRICK,2025-02-15,8,1416.96
BK_59859,GAL,theresa hamilton,2025-10-05,1,170.68
BK_55663,SAN,JONATHAN TAYLOR,2025-10-17,8,3272.47
BK_13839,ORO,mr. robert crawford,2025-11-01,10,1379.13
BK_80684,GAL,Eric Gordon,2025-04-15,11,1751.22
BK_18082,ORO,Colleen Phillips,2025-04-27,4,568.46
BK_50065,CAP,michele ortiz,2025-03-15,3,880.7
BK_27769,GAL,teresa wood md,2025-11-02,1,167.29
BK_39746,GAL,Kathleen Delacruz,2025-06-27,8,1292.0
BK_18221,CAP,Haley Vasquez,2025-03-02,3,789.89
BK_24545,LAZ,CHRISTINA MITCHELL,2025-05-21,9,2374.77
BK_95348,LAZ,ALEXANDER HERNANDEZ,2025-03-18,3,958.35
BK_82731,LAZ,johnny lamb,2025-07-13,5,1273.33
BK_97314,SAN,Gilbert Flynn,2026-01-07,3,1412.61
BK_44880,CAP,cynthia smith,2025-03-30,3,890.38
BK_96632,LAZ,PAMELA BAKER,2025-11-22,2,510.91
BK_95729,ORO,colleen hale,2025-10-19,6,952.36
BK_65958,LAZ,ASHLEY COBB,2025-08-06,11,3329.29
BK_83786,SAN,DAVID HART,2025-08-17,3,1551.98
BK_80949,LAZ,Julie Ramirez,2025-07-16,8,2474.66
BK_21971,LAZ,Walter White,2025-05-13,12,3709.7
BK_22512,GAL,John Hernandez,2025-12-01,2,303.58
BK_99371,LAZ,Jessica Hunter,2025-10-24,-1,-261.3
BK_90348,CAP,tyler kirk,2025-02-22,6,1723.49
BK_41312,SAN,Mrs. Teresa Reynolds MD,2025-12-12,2,928.15
BK_35195,SAN,TIMOTHY JONES,2025-09-20,12,5375.65
BK_82387,CAP,Michael Phillips,2025-06-21,2,595.81
BK_26498,GAL,Carla Walsh DVM,2025-06-01,11,1520.46
BK_58041,SAN,CHRISTINE WALLACE,2025-10-31,9,3758.23
BK_63571,LAZ,Richard Bass,2025-04-29,10,2987.25
BK_52225,SAN,MRS. ALICIA YOUNG,2025-09-17,8,3578.86
BK_12200,ORO,Dennis Flores,2025-06-15,2,311.56
BK_52987,GAL,brian jones,2026-01-25,1,
BK_14764,CAP,Taylor Kelly,2025-09-01,9,2251.94
BK_19233,CAP,melissa benitez,2025-07-02,10,3006.5
BK_56328,LAZ,karen campbell,2025-02-25,1,251.84
BK_41324,CAP,amy clark,2025-10-01,9,2742.28
BK_88425,ORO,JOHN DAVIS,2025-12-04,5,797.2
BK_50358,GAL,anna garcia,2025-08-03,3,490.61
BK_50498,ORO,Brian Cabrera,2025-12-08,10,1472.03
BK_26727,SAN,Laurie Decker,2025-02-22,6,2600.93
BK_77624,ORO,Blake Rios,2025-07-07,9,1353.11
BK_69255,GAL,jeffrey johnston,2025-05-29,11,1861.77
BK_74003,GAL,Elizabeth Perez,2025-09-21,12,1737.42
BK_65874,LAZ,Lisa Scott,2025-03-03,12,3580.07
BK_35605,ORO,AUTUMN SHARP,2026-01-22,4,575.06
BK_82073,CAP,clayton henderson,2025-08-13,2,538.02
BK_76597,GAL,Edward Rios,2025-04-19,2,272.85
BK_86047,ORO,SCOTT DUNCAN,2025-06-16,5,887.43
BK_28751,ORO,jessica zavala,2026-01-06,5,812.27
BK_72708,ORO,TERESA GILES,2026-01-04,5,803.58
BK_88002,ORO,Brian Webb,2025-04-18,2,316.22
BK_87274,SAN,michael morrow,2025-06-15,10,4983.05
BK_49951,CAP,Breanna Green,2025-06-28,8,1912.74
BK_79330,CAP,NICOLE HICKS,2025-05-06,12,3682.72
BK_20431,LAZ,DARRELL NIXON,2025-07-24,9,2164.77
BK_53901,SAN,Susan Wilson,2025-07-29,5,2159.44
BK_38357,LAZ,Carla Hall,2025-12-09,10,2938.54
BK_86432,SAN,SCOTT YOUNG,2025-09-02,11,5646.83
BK_52406,GAL,HEATHER ALVAREZ,2025-12-28,9,1382.7
BK_34217,ORO,Andres Smith,2025-04-09,8,1201.81
BK_56649,CAP,David Petty,2026-01-17,3,955.4
BK_92488,LAZ,danielle garrison,2025-06-19,8,
BK_96531,LAZ,Jon Jenkins,2025-08-22,10,2670.77
BK_32350,CAP,WILLIAM SANTOS,2025-08-21,12,3714.56
BK_38218,LAZ,CHRISTINE MOORE,2025-03-27,7,1724.58
BK_59956,LAZ,erika koch,2025-10-18,11,2644.79
BK_14968,ORO,Michelle Franco,2025-04-23,10,1659.85
BK_81669,CAP,AMBER YATES,2025-10-08,12,3400.75
BK_52706,LAZ,TERRY MCLAUGHLIN,2025-09-11,1,
BK_83967,CAP,KENNETH BLACKWELL,2025-02-17,10,3004.61
BK_57659,GAL,MICHELLE MEDINA,2025-02-19,7,1233.3
BK_40502,ORO,STEPHANIE MORAN,2025-07-16,3,427.98
BK_18813,ORO,jennifer gonzalez,2025-10-04,6,907.83
BK_92583,GAL,paul green,2025-05-03,5,789.98
BK_38588,CAP,DAVID PECK,2026-02-04,6,1687.67
BK_91914,SAN,CHERYL ARNOLD,2025-05-21,3,1175.05
BK_90077,LAZ,William Castro,2025-11-12,3,945.98
BK_86618,SAN,Andrew Moore,2025-10-18,12,5251.13
BK_65333,LAZ,jessica english,2025-08-21,8,2201.84
BK_50075,GAL,William Wilcox,2025-11-17,8,1468.31
BK_64836,GAL,christopher fox,2025-09-07,3,540.15
BK_91591,LAZ,stephanie cooper,2025-07-18,8,2086.83
BK_67962,SAN,Shannon Gardner,2025-06-24,10,4974.43
BK_42824,GAL,ALLISON GRAHAM,2025-07-06,3,510.41
BK_82539,SAN,andrea friedman,2025-04-01,9,3980.98
BK_72546,SAN,Kevin Garcia,2025-08-30,2,1005.44
BK_57884,ORO,Cheyenne Navarro,2025-07-23,3,429.53
BK_16211,ORO,Katherine Mills,2025-06-22,1,155.2
BK_47957,ORO,AARON WEAVER,2025-12-06,3,
BK_68282,ORO,kenneth smith,2025-03-08,5,690.48
BK_64304,ORO,DANIEL BAUTISTA,2026-01-25,11,
BK_34554,LAZ,Gregory Orozco,2025-07-17,2,491.69
BK_81452,CAP,Victoria Malone,2025-03-27,7,2002.18
BK_73346,SAN,Christopher Hendricks,2025-05-09,9,4380.12
BK_48507,ORO,Marilyn Johnson,2025-08-29,7,1008.81
BK_83494,LAZ,terry garrett,2025-07-08,2,641.73
BK_13815,LAZ,lynn horn,2025-11-08,6,1510.58
BK_32937,LAZ,sarah lewis,2025-09-27,11,3415.58
BK_17979,CAP,ABIGAIL BROWN,2025-02-19,8,2013.64
BK_33422,SAN,Kelly Santos,2025-05-24,2,965.86
BK_32435,ORO,martin sanders,2026-01-20,4,631.0
BK_44888,CAP,kendra barber,2026-01-15,9,2291.39
BK_69618,CAP,JOANNE CLARK,2025-05-21,10,3106.88
BK_46013,SAN,CHRISTINA MORALES,2025-04-18,8,3194.47
BK_67088,GAL,Susan Barnes,2025-12-21,3,474.76
BK_18023,SAN,CHAD WARREN,2025-05-09,6,2507.85
BK_24598,GAL,MICHAEL WILLIAMS,2025-10-19,10,1686.45
BK_65336,ORO,lori silva,2026-01-19,9,1290.11
BK_15933,SAN,Jeremy Chambers,2025-06-06,11,4975.87
BK_65357,CAP,jason salazar,2025-04-07,6,1606.78
BK_70616,GAL,LINDA WILLIAMS,2025-05-31,-1,-141.92
BK_32718,CAP,BRYAN BURNS,2025-11-19,10,2659.91
BK_51537,LAZ,Miranda Hopkins,2025-04-02,11,2955.87
BK_16738,ORO,JAMES WILLIAMS,2025-03-04,9,1232.49
BK_98754,ORO,rachael archer,2025-04-13,2,365.9
BK_47786,SAN,Victoria Phillips,2025-03-25,2,961.61
BK_30262,SAN,frank robertson,2026-01-22,2,1024.68
BK_22036,ORO,Christina Nelson,2025-10-24,4,605.76
BK_98008,CAP,Natasha Keith,2025-06-05,11,3463.86
BK_51248,H_UNK,bryan myers,2025-12-28,3,472.39
BK_71133,ORO,TERESA ROBERTS,2025-06-07,8,1293.38
BK_18179,ORO,michael nichols,2025-03-07,11,1972.13
BK_57806,CAP,jacob garcia,2025-06-04,11,3096.72
BK_48395,SAN,ryan kennedy,2025-10-13,6,2730.38
BK_28391,GAL,DAVID CLARK,2025-10-05,9,1355.56
BK_52190,ORO,jeffery ward,2025-05-05,12,1810.84
BK_82563,CAP,SAMUEL HANCOCK,2025-03-06,6,1473.86
BK_80747,CAP,sharon davis,2026-01-08,12,2858.7
BK_89784,ORO,jose smith,2025-04-20,11,1830.21
BK_53278,CAP,james collins,2025-12-01,8,2551.71
BK_78153,SAN,EMILY ESPINOZA,2025-03-25,6,2783.6
BK_20915,GAL,tonya rogers,2025-03-13,3,427.18
BK_68801,SAN,Kathleen Stevens,2025-09-21,7,3194.8
BK_13729,GAL,maxwell harper,2025-08-04,6,
BK_87046,GAL,SCOTT ROGERS,2025-03-05,6,949.5
BK_36434,ORO,HEATHER BARRY,2025-04-21,2,276.74
BK_60344,SAN,Joseph Phillips,2025-08-29,8,3479.91
BK_43888,GAL,VANESSA BOYLE,2025-08-22,6,859.56
BK_42899,LAZ,CANDACE CARLSON,2025-10-24,2,621.75
BK_36638,SAN,RACHEL AGUILAR,2025-11-30,4,1668.29
BK_87370,CAP,Mr. John Mack,2025-04-13,5,1468.18
BK_99241,LAZ,Megan Dominguez,2025-10-08,5,1307.17
BK_68064,ORO,Justin Thomas,2025-04-10,3,
BK_60053,ORO,natalie brewer,2025-08-23,10,1647.66
BK_30633,SAN,kristen copeland,2025-12-20,8,3828.73
BK_69398,LAZ,Francisco West,2025-03-14,5,1575.54
BK_95116,SAN,MARK MOORE,2025-04-06,12,5838.14
BK_98175,GAL,Zachary Fuller,2025-11-23,7,1082.88
BK_75306,GAL,joseph wright,2025-06-22,2,364.26
BK_90950,SAN,HALEY HODGES,2025-06-08,9,3879.79
BK_71473,CAP,VERONICA SALAZAR,2026-02-13,4,1062.32
BK_47467,SAN,Stephanie Soto,2025-05-25,8,3982.56
BK_35276,LAZ,sarah johnson,2025-10-26,5,1529.72
BK_17047,GAL,RUTH CHAPMAN,2025-09-07,10,1669.61
BK_35458,CAP,Virginia Johnson,2026-01-20,5,1582.63
BK_54200,ORO,ryan garcia,2025-08-27,10,1450.05
BK_88477,ORO,Megan Choi,2026-01-20,10,1835.52
BK_59481,SAN,CHARLES BLACKBURN,2025-07-25,9,4179.37
BK_33476,SAN,BRYAN LYNCH,2025-11-06,1,399.86
BK_22038,ORO,Carol Carey,2025-11-03,7,1046.18
BK_83051,LAZ,michael george,2025-06-25,2,639.55
BK_63119,ORO,Leslie Ward,2025-04-26,6,874.8
BK_28091,GAL,samantha wiley,2026-01-02,7,1047.05
BK_79182,SAN,margaret perry,2025-08-29,-1,-425.87
BK_30268,LAZ,catherine moore,2025-10-25,1,261.98
BK_70362,CAP,Carolyn Murphy,2025-04-19,6,1760.28
BK_57146,SAN,JUSTIN BRYANT,2025-09-28,7,3312.45
BK_55212,LAZ,miranda schultz,2025-08-10,1,269.16
BK_25571,LAZ,Kristen Myers,2025-09-18,1,304.8
BK_18524,LAZ,LARRY BUTLER,2025-05-21,12,3443.77
BK_10969,H_UNK,Thomas Cannon,2025-03-25,4,1093.39
BK_35650,LAZ,TIMOTHY CURTIS,2025-09-16,10,3207.98
BK_62507,SAN,Melissa Smith,2025-02-21,10,4736.77
BK_12244,GAL,Lisa Moore,2026-02-11,11,1788.22
BK_82494,GAL,ANNA MCBRIDE,2025-07-26,11,1710.88
BK_42086,SAN,Samuel Dennis,2025-05-21,3,1182.53
BK_10826,CAP,daniel smith,2025-12-01,3,772.4
BK_38273,ORO,michael montgomery,2025-10-06,10,
BK_71266,CAP,kelly pratt,2025-09-19,4,1160.92
BK_73656,CAP,miguel taylor,2026-01-09,7,1726.38
BK_48660,ORO,Colleen Garcia,2025-07-18,5,726.48
BK_90371,ORO,alicia mcdonald,2025-08-27,3,509.07
BK_41810,GAL,ashley anderson,2025-11-19,10,
BK_79147,CAP,BRANDI SOLIS,2025-07-26,12,3815.33
BK_59242,LAZ,charles nielsen,2026-01-23,6,1925.74
BK_94082,SAN,AMBER MOONEY,2025-02-27,6,2663.58
BK_69753,SAN,katie johnson,2025-12-07,11,5446.15
BK_10206,SAN,Michelle Barker,2025-08-20,4,1898.44
BK_61034,CAP,jason cruz,2025-03-23,11,3373.17
BK_96946,GAL,Phillip Lawrence,2025-03-04,11,1657.2
BK_77840,GAL,Robin Davis,2025-05-19,10,
BK_69962,H_UNK,NANCY KEY,2025-04-25,7,2231.73
BK_11293,ORO,Sandy Hartman,2026-02-05,8,1104.1
BK_74614,ORO,anna moore,2025-02-19,7,1222.14
BK_48368,LAZ,JOSEPH HARMON,2025-08-19,12,3785.7
BK_40587,ORO,SHELBY HAWKINS,2026-01-15,8,1448.68
BK_48026,LAZ,JOSHUA BUTLER,2026-01-04,5,1548.0
BK_59533,GAL,tina johnston,2025-04-28,1,172.96
BK_53742,LAZ,antonio wagner,2025-11-05,3,901.87
BK_67894,GAL,Jordan Vang Jr.,2025-04-13,12,2202.19
BK_12962,CAP,Scott Moore,2025-05-27,2,632.47
BK_37733,SAN,Madison Cameron,2025-07-02,5,2128.57
BK_75695,CAP,Derek Garrison,2025-09-09,12,2981.62
BK_75975,LAZ,RICKY RUSSELL,2025-03-15,4,1207.75
BK_78486,GAL,Beth Turner,2025-03-30,8,1330.17
BK_16270,CAP,Ryan Cox,2025-07-18,8,2484.03
BK_31399,CAP,DANIEL ROBERTS,2026-02-02,1,262.48
BK_12372,SAN,matthew sandoval,2025-06-21,2,856.81
BK_44961,ORO,patricia nielsen,2025-07-05,4,590.54
BK_39510,ORO,candace davis,2025-08-01,10,1654.95
BK_39457,CAP,david leblanc,2025-07-03,5,1207.79
BK_23178,GAL,JEREMY BECKER,2025-04-24,11,1552.99
BK_49336,ORO,Robert Leonard,2025-08-15,-1,-164.66
BK_29461,SAN,Kimberly Woodward,2025-07-31,7,2788.85
BK_76612,GAL,Kimberly Green,2025-12-03,3,
BK_55361,CAP,lauren chavez,2026-02-11,6,1576.97
BK_10035,GAL,shelley cowan,2025-09-28,1,158.88
BK_94812,LAZ,Ashley Rosales,2025-10-29,2,584.39
BK_20506,ORO,CHAD OCONNOR,2025-12-21,4,553.04
BK_97910,ORO,barbara adams,2025-02-20,12,1842.81
BK_19547,ORO,Daniel Ellis,2025-09-26,-1,-174.15
BK_69534,CAP,randall smith,2025-03-29,11,3141.54
BK_89863,SAN,jessica stanley,2025-02-20,3,1431.09
BK_69102,ORO,kelly wheeler,2025-07-03,1,179.79
BK_81050,CAP,Lynn Christensen,2025-03-16,6,1582.12
BK_31515,GAL,brooke reid,2025-05-20,10,1437.04
BK_54569,ORO,diana baker,2025-11-22,7,
BK_54781,CAP,john sanchez,2025-03-15,1,288.78
BK_92886,CAP,kimberly giles,2025-10-06,3,960.46
BK_24179,SAN,Carolyn King,2025-12-09,7,2763.0
BK_57953,ORO,Erik Harris,2026-01-30,12,2125.01
BK_60647,SAN,marissa thomas,2025-06-24,2,829.03
BK_57930,GAL,RACHEL MORENO,2025-11-13,6,974.1
BK_40094,CAP,susan jordan,2025-02-13,9,2501.42
BK_21947,LAZ,WESLEY ROBINSON,2025-11-09,3,760.97
BK_17458,SAN,ABIGAIL DIXON,2025-10-12,2,
BK_71864,SAN,david scott,2025-04-17,6,
BK_36869,GAL,Lauren Roy,2025-06-12,8,1379.99
BK_16727,CAP,colleen simon,2025-09-03,12,3259.84
BK_31002,GAL,LEE JACKSON,2025-10-15,1,181.37
BK_28943,CAP,joseph wright,2025-07-25,6,1548.74
BK_89754,SAN,CONNIE PEREZ,2025-11-07,4,1792.0
BK_19037,SAN,courtney fuentes,2026-01-19,1,402.08
BK_63288,SAN,David Vargas,2025-05-09,12,4770.97
BK_18048,SAN,Margaret Miller,2025-10-17,10,4828.17
BK_94210,CAP,john green,2025-04-13,8,2354.46
BK_56702,GAL,JANE MILLER,2025-05-26,1,180.99
BK_45385,CAP,robert conner,2025-12-06,4,1063.19
BK_17605,GAL,roger hayes,2025-06-18,7,1045.19
BK_89466,SAN,kimberly hernandez,2026-01-11,3,1264.22
BK_64094,LAZ,jon long,2025-02-17,11,3029.64
BK_56160,SAN,alexander johnson,2025-11-14,6,2383.96
BK_27223,SAN,Thomas Robinson,2025-12-18,10,4018.82
BK_56867,SAN,shirley thompson,2025-06-26,10,4658.65
BK_23464,SAN,Rachael Morgan,2025-10-05,8,3733.05
BK_89812,GAL,thomas bernard,2025-10-29,3,502.3
BK_49014,ORO,Elizabeth Garza,2025-04-06,1,178.02
BK_58677,CAP,AMANDA WILLIAMS,2025-07-08,4,987.76
BK_26388,SAN,JEREMY WARE,2025-06-10,5,2187.08
BK_50619,SAN,Valerie Powell,2025-04-20,11,4911.93
BK_81143,GAL,MELISSA MELTON,2026-01-28,9,1652.57
BK_66338,CAP,Todd Ross,2025-11-17,4,1003.22
BK_21224,SAN,jeanne robinson,2025-12-11,1,500.83
BK_70629,LAZ,julian brown,2025-08-29,11,2680.14
BK_47846,GAL,sean logan,2025-02-16,7,1222.33
BK_53757,LAZ,leonard weber,2025-11-23,2,478.77
BK_17110,GAL,stephanie johnson,2025-09-07,5,891.23
BK_45386,GAL,TAMI GREEN,2025-05-23,5,758.16
BK_32968,LAZ,michael munoz,2025-04-08,1,258.36
BK_32253,CAP,Bryan Walker,2025-08-03,12,3402.68
BK_97811,LAZ,melissa garcia,2025-03-11,11,3331.74
BK_66155,ORO,Carl George,2025-08-09,1,167.54
BK_75643,ORO,Larry Jordan,2025-07-29,4,583.78
BK_98704,CAP,Thomas Smith,2025-06-24,6,1926.03
BK_63394,SAN,zachary smith,2025-11-13,7,
BK_73129,SAN,frederick watkins,2025-08-21,3,1245.55
BK_60007,CAP,Mr. Drew Hammond,2025-10-11,1,311.49
BK_98057,ORO,Bryan Wilson,2026-02-07,5,905.05
BK_50394,GAL,James Mathews,2025-11-14,7,
BK_98232,SAN,James Fletcher,2025-12-23,1,494.19
BK_56893,SAN,COURTNEY WALTER,2025-10-28,1,478.67
BK_99506,ORO,elizabeth lee,2025-07-27,9,1353.85
BK_57225,GAL,CAROLYN DOMINGUEZ,2025-07-15,6,1015.88
BK_20247,GAL,emily ferguson,2025-09-15,11,1638.1
BK_79961,ORO,TERESA ONEILL,2025-10-08,12,2178.64
BK_57339,CAP,shawn bright,2025-09-11,3,820.77
BK_42856,ORO,ASHLEY FLORES,2025-06-20,7,
BK_52980,SAN,TRAVIS BYRD,2025-11-04,5,2496.66
BK_94540,GAL,meredith perry,2025-09-04,3,430.49
BK_24696,H_UNK,Jennifer Walker,2026-01-23,11,1602.07
BK_60137,ORO,Katherine Collins,2025-08-24,8,1225.43
BK_64015,LAZ,Joseph Scott,2025-04-22,11,3386.75
BK_74026,CAP,eric charles,2025-12-31,1,274.74
BK_13987,GAL,jon morse,2025-10-24,10,1370.64
BK_34057,LAZ,Bradley Wilkerson,2025-02-13,9,2803.28
BK_23090,SAN,kaitlin berger,2025-07-28,9,3586.13
BK_10860,SAN,Mary Stephens,2026-02-10,5,2556.65
BK_74334,GAL,Cynthia Ibarra,2025-02-14,11,1688.26
BK_66605,LAZ,Ashley Salas,2025-04-02,12,3315.26
BK_49821,GAL,APRIL FOX,2025-08-02,11,1730.75
BK_78050,CAP,JAMES HILL,2025-04-26,9,2777.64
BK_27721,CAP,Wendy Sharp,2026-01-10,1,292.36
BK_87903,SAN,Ashley Stephens,2025-10-11,7,3339.69
BK_24490,LAZ,kevin robertson,2025-06-10,3,840.15
BK_94550,SAN,Albert Moore,2025-05-30,6,2507.47
BK_42422,LAZ,Joshua Little,2025-05-22,3,941.19
BK_33355,CAP,Taylor Randolph,2025-09-07,12,3819.1
BK_63081,SAN,Adam Sloan,2026-02-11,6,2853.37
BK_20088,LAZ,Brianna Howell,2025-05-28,5,1525.84
BK_29163,CAP,joseph mcknight,2025-09-14,11,2763.91
BK_77105,SAN,KAYLA SMITH,2026-01-17,1,438.89
BK_12964,CAP,Elizabeth Mcgee,2025-12-27,1,239.5
BK_17220,LAZ,alicia stewart,2025-11-16,4,1139.52
BK_97687,GAL,Megan Burns,2025-04-11,4,645.78
BK_70329,LAZ,christian adams,2025-05-12,1,260.85
BK_54023,GAL,Matthew Moore,2025-08-22,7,973.1
BK_38389,CAP,NICHOLAS ALLEN,2025-11-19,8,2293.49
BK_50577,LAZ,eric floyd,2025-09-18,9,2859.92
BK_75493,ORO,BRIANA PATEL,2025-06-24,10,1619.63
BK_33835,SAN,Kendra Evans,2025-05-20,7,2863.62
BK_63579,ORO,russell hunt,2025-10-02,7,964.6
BK_79087,GAL,DAKOTA PADILLA JR.,2025-04-25,9,1487.01
BK_42472,LAZ,steven hatfield,2025-02-18,5,1230.68
BK_58551,ORO,JESUS RANDALL,2025-07-02,2,300.52
BK_96297,GAL,David Miller,2025-07-06,9,1633.03
BK_64073,GAL,CHRISTINE TUCKER,2025-06-18,12,1686.75
BK_93559,ORO,raymond nichols,2025-09-17,1,166.25
BK_26992,LAZ,william green,2025-08-27,7,1893.53
BK_25380,ORO,ANTHONY WALKER,2025-10-31,10,1505.22
BK_40513,ORO,ANDREW MORTON,2025-08-09,9,1640.26
BK_89663,ORO,adam jenkins,2025-07-18,12,2195.93
BK_81480,SAN,Shari Ryan,2025-05-31,1,383.77
BK_10776,LAZ,Gary Bowman,2026-01-12,12,3589.43
BK_26626,LAZ,Christopher Salazar,2025-05-02,6,1683.77
BK_99830,GAL,CHRISTOPHER ASHLEY,2025-10-31,3,494.93
BK_37457,CAP,lonnie sullivan,2025-12-22,8,2331.1
BK_13887,GAL,mr. craig davis dds,2025-10-10,2,290.72
BK_20216,H_UNK,Steven Martinez,2025-11-25,8,2336.72
BK_53082,CAP,ROBERT HAYDEN,2025-11-12,1,272.13
BK_48605,SAN,joshua johnson,2025-08-22,4,
BK_42424,LAZ,Christopher Willis,2025-11-25,12,3499.16
BK_49691,LAZ,John Mendoza,2025-08-30,10,2930.25
BK_39593,SAN,Michael Mckinney DVM,2025-11-08,12,4849.27
BK_51736,SAN,ABIGAIL WALLACE,2025-12-31,11,4306.2
BK_12765,ORO,TRACY SNYDER,2025-12-31,1,142.69
BK_27455,CAP,Pamela Davis,2025-05-28,6,1690.42
BK_61249,GAL,Kayla Huff,2025-07-09,11,1733.4
BK_56156,ORO,mark forbes,2025-03-19,5,720.26
BK_23162,CAP,BILLY RODRIGUEZ,2025-09-30,1,255.65
BK_18055,LAZ,SARAH BELL,2025-04-04,4,1230.38
BK_47164,SAN,DAWN JENKINS,2025-04-03,4,1931.69
BK_48601,CAP,Joy Allen,2026-01-31,5,1531.84
BK_66514,SAN,Benjamin Ruiz,2025-12-13,3,1458.15
BK_76529,GAL,EMILY DIXON DDS,2026-01-01,5,913.41
BK_48426,ORO,julie patel,2025-03-15,1,169.75
BK_88830,ORO,JULIA MILLER,2025-04-27,6,1000.24
BK_66293,ORO,angela cruz,2025-08-14,10,1621.47
BK_38806,LAZ,david brown,2025-06-30,5,1565.2
BK_91713,LAZ,Michael Lewis,2025-10-19,10,2635.62
BK_88538,LAZ,Erica David,2025-11-13,10,2472.27
BK_99913,LAZ,HARRY DELACRUZ,2025-12-11,12,3785.31
BK_62530,CAP,michael sharp,2025-03-05,10,2710.07
BK_60951,LAZ,Kayla Becker,2025-12-06,12,3745.45
BK_60059,SAN,THOMAS TURNER,2026-01-26,1,425.99
BK_51809,LAZ,Connor Wood,2025-04-08,2,572.55
BK_34595,ORO,JACOB BURNETT,2025-09-28,-1,-157.71
BK_40408,CAP,DR. DAWN WALKER,2026-02-12,9,2818.89
BK_37164,GAL,DANIEL DIXON,2025-04-29,3,419.67
BK_36756,SAN,BROOKE WOOD,2025-03-19,3,1425.29
BK_41311,SAN,JENNIFER CONTRERAS,2025-03-01,9,3603.53
BK_25891,CAP,John Campos,2026-01-29,2,545.88
BK_93233,CAP,jeffery fisher,2025-06-20,8,2263.97
BK_62310,LAZ,Robin Fields,2025-04-19,-1,-282.13
BK_94052,CAP,Samantha Taylor,2025-12-18,3,884.6
BK_28029,LAZ,JESSICA PETERS,2025-03-02,9,2168.66
BK_31320,SAN,Dr. Dwayne Hunt,2025-12-01,11,4958.2
BK_69366,CAP,Jessica Carlson,2025-06-18,2,525.76
BK_45687,H_UNK,CODY SHARP,2026-01-26,10,2446.93
BK_37498,SAN,nicholas booker,2025-11-20,11,5291.21
BK_99202,SAN,reginald wilson,2025-06-03,12,5426.85
BK_25766,ORO,MIGUEL POWERS,2025-09-06,2,326.33
BK_80663,ORO,Patricia Williams,2025-10-06,8,1401.8
BK_34863,SAN,nathan gomez,2025-05-31,9,3520.57
BK_21245,CAP,Ashley Perkins,2025-02-23,8,2236.88
BK_26186,ORO,BRIDGET JAMES,2026-01-24,11,1565.97
BK_83224,GAL,SCOTT STEWART,2025-07-24,5,812.77
BK_74548,SAN,sherry grimes,2025-02-21,5,2561.25
BK_43466,LAZ,brad vargas,2025-03-18,7,2218.6
BK_74848,GAL,BRANDON SMITH,2025-06-14,11,1742.27
BK_35589,GAL,Michael Ashley,2025-04-25,1,182.14
BK_64874,LAZ,elizabeth harper,2026-01-24,4,1112.33
BK_32060,H_UNK,matthew holmes,2025-10-23,6,1628.17
BK_94750,CAP,Savannah Dougherty,2026-01-19,2,497.64
BK_97441,SAN,andrew donaldson,2025-07-03,9,3914.01
BK_53750,LAZ,stacy jones,2025-06-05,10,2590.28
BK_51304,CAP,David Davis,2025-03-02,1,312.69
BK_93723,GAL,daniel randall,2025-09-13,4,661.73
BK_61374,GAL,John Gonzalez,2025-09-30,8,1188.59
BK_80435,ORO,william white,2025-11-26,4,560.45
BK_43700,SAN,DANIELLE LYNCH,2025-05-26,7,3239.48
BK_97838,ORO,Hayden Macias,2025-10-31,12,2132.97
BK_99840,SAN,Alyssa Cole,2025-08-25,6,2752.14
BK_84389,ORO,LAUREN BRYANT,2025-04-17,4,639.48
BK_56238,LAZ,heather brooks,2025-11-02,7,1837.38
BK_96571,GAL,JESSICA HOWE,2025-12-03,1,181.98
BK_36583,GAL,Travis Moss DDS,2025-10-02,10,1623.46
BK_37651,LAZ,JOHN FARRELL,2025-09-27,1,260.74
BK_45145,GAL,angela tate,2025-07-20,3,455.91
BK_23504,ORO,mark estrada,2025-02-22,12,1960.53
BK_72973,GAL,KIMBERLY MCFARLAND,2025-10-28,3,549.24
BK_45504,CAP,Jonathon Reese,2026-01-20,12,3263.16
BK_60434,LAZ,KATHLEEN JACKSON,2025-05-25,8,2519.77
BK_53123,GAL,AMY SANCHEZ,2026-01-23,3,460.13
BK_62802,GAL,amy flores,2025-05-19,11,2003.9
BK_86855,ORO,ALICE STEWART,2025-02-21,4,703.94
BK_66184,SAN,Jennifer Reyes,2025-10-24,6,2299.77
BK_76468,GAL,Michelle Gallagher,2025-10-08,6,936.14
BK_64214,ORO,Janet Yang,2025-05-19,3,482.67
BK_43850,CAP,james hopkins,2025-10-11,4,1217.3
BK_37355,SAN,stefanie pena,2025-05-02,3,1516.88
BK_30557,SAN,RICK ROMERO,2025-11-12,12,5738.74
BK_67897,CAP,christopher phillips,2026-02-02,12,3282.92
BK_84914,LAZ,Thomas Hancock,2025-12-22,7,1842.6
BK_87742,GAL,JOSHUA WHITE,2025-07-21,8,1409.13
BK_40562,CAP,SCOTT GILBERT,2025-04-21,12,3186.15
BK_46894,LAZ,DONALD MIRANDA,2025-11-08,11,2832.78
BK_24718,GAL,leonard thompson,2025-06-09,10,1792.03
BK_95980,ORO,PHYLLIS BURNS,2025-08-01,8,1334.97
BK_35948,LAZ,James Walter,2026-02-03,10,2983.47
BK_62785,SAN,Cynthia Brown,2025-08-30,6,2622.9
BK_16054,GAL,jenna morales,2025-03-22,2,318.7
BK_72483,ORO,Denise Pham,2025-07-03,5,
BK_90033,ORO,jesus johnson,2026-01-10,12,1649.64
BK_12731,ORO,tony williams,2025-05-04,2,295.98
BK_38560,ORO,Antonio Wright,2025-07-03,10,1437.42
BK_47042,SAN,PAUL BROWN,2025-11-25,3,1225.12
BK_88744,CAP,SHANNON SANDOVAL,2025-06-06,11,2975.93
BK_61330,ORO,dylan andrews,2025-03-31,2,349.88
BK_43174,SAN,JOHN TAYLOR JR.,2025-10-15,5,2420.0
BK_95386,SAN,DAVID EVANS,2025-12-24,1,400.4
BK_51289,CAP,BRENDA BECK,2025-08-26,2,623.28
BK_73723,GAL,benjamin park phd,2025-04-20,12,1663.63
BK_27069,LAZ,ERICA RAY,2025-03-07,1,320.64
BK_84612,LAZ,Amanda Morales,2025-05-25,6,1757.99
BK_78324,SAN,kelly nicholson,2025-10-07,10,3930.56
BK_90484,CAP,dylan small,2025-11-06,5,1404.34
BK_45838,LAZ,Bobby Thomas,2025-07-12,3,948.62
BK_78144,CAP,Amber Holloway,2025-03-08,5,1526.49
BK_98458,ORO,Kim Young,2025-03-10,10,1787.83
BK_46624,SAN,DAVID LOPEZ,2025-12-04,2,956.32
BK_86697,LAZ,paige morris,2025-06-30,12,3024.64
BK_14315,GAL,HANNAH WILSON,2025-07-10,6,1020.31
BK_85051,CAP,TANYA MOSS,2025-12-19,1,250.8
BK_98432,ORO,Patrick Farley,2025-03-13,1,159.14
BK_16079,ORO,DAVID DAVIDSON,2025-09-08,5,899.28
BK_79633,CAP,emily briggs,2025-08-15,9,2478.91
BK_13001,GAL,Angelica Miller,2025-07-02,2,
BK_73382,LAZ,DEBBIE FULLER,2025-06-06,5,1581.09
BK_75624,CAP,toni obrien,2025-12-04,11,3020.83
BK_79094,SAN,christopher hayes,2025-12-10,8,3533.86
BK_61470,CAP,michael guzman,2025-09-17,1,258.4
BK_87985,CAP,rachel francis,2025-06-18,1,254.19
BK_22271,ORO,Alexa Morris,2025-09-04,1,162.14
BK_49272,GAL,christina moore,2025-06-13,4,586.08
BK_18762,ORO,BRITTNEY SMITH,2026-01-18,9,1272.27
BK_24840,GAL,alexis alvarez,2025-11-01,7,1177.56
BK_66165,SAN,jose young,2025-05-17,3,
BK_89175,LAZ,Jeffrey Baker,2025-05-25,9,
BK_30854,CAP,MELISSA WILSON,2025-05-30,2,582.27
BK_59704,ORO,emily lopez,2025-08-18,2,364.23
BK_49961,LAZ,NICOLE OLSON,2025-06-08,1,300.45
BK_12419,CAP,Gerald Cooper,2025-12-21,4,1167.12
BK_96681,LAZ,charles neal,2025-04-06,11,3126.75
BK_76130,CAP,SHERRY THOMAS,2025-04-16,6,1778.3
BK_15999,ORO,raymond johnson,2025-11-04,12,1894.74
BK_79049,SAN,kelly bishop,2025-02-27,12,4962.46
BK_18990,LAZ,mr. ronnie mcbride,2025-06-03,5,1346.12
BK_73165,LAZ,christine berry,2025-05-04,1,256.77
BK_67608,CAP,SUSAN JENKINS DDS,2025-03-22,12,3559.84
BK_33917,SAN,Steven Garcia,2025-07-18,-1,-486.21
BK_21736,ORO,jennifer burke,2025-11-17,9,1375.03
BK_39675,SAN,DAVID RUSSO,2025-08-24,8,3327.68
BK_49482,SAN,ALEXIS GARRETT,2025-12-02,4,1543.35
BK_74309,GAL,keith hill,2025-07-12,7,1135.95
BK_83889,ORO,andrea blake,2025-11-04,9,1548.93
BK_12284,CAP,Ashlee Perez,2025-07-26,2,482.81
BK_52963,GAL,AUSTIN WRIGHT,2025-10-18,2,333.21
BK_96415,CAP,Glenn Wagner,2025-03-22,10,2659.99
BK_78347,ORO,Malik Chambers,2026-01-27,7,1220.39
BK_91873,CAP,Dr. Rita Lynch,2026-01-14,1,288.58
BK_35674,SAN,CHELSEA WATSON,2025-12-25,9,4480.41
BK_22770,GAL,KAYLA ROBERTS,2025-06-30,2,
BK_43209,CAP,Evan Bailey,2025-10-03,5,1262.63
BK_63736,GAL,MICHELLE PERRY,2025-03-26,3,436.01
BK_95995,SAN,Jill Sexton,2025-03-05,1,513.89
BK_83172,SAN,SARAH GRIFFIN,2025-11-06,9,3846.97
BK_82119,CAP,REBECCA BREWER,2025-08-13,9,2432.78
BK_12770,LAZ,luis colon,2025-04-24,4,1175.86
BK_66626,GAL,Monica Chang,2026-01-24,3,473.79
BK_68371,LAZ,RONALD SMITH,2026-01-28,2,543.19
BK_29142,ORO,DR. TERESA BROWN,2025-05-16,5,856.21
BK_32235,ORO,TIMOTHY JOHNSON MD,2025-03-28,3,
BK_83626,CAP,Christina Flowers,2025-10-21,6,1918.36
BK_58148,ORO,Mario Reed,2025-08-07,9,1601.7
BK_78586,LAZ,NANCY WEBB,2025-11-01,7,2105.91
BK_22347,GAL,BROOKE EDWARDS,2025-12-07,9,1534.53
BK_74462,SAN,BETH BUCK,2025-12-19,5,2556.59
BK_87925,SAN,BRYCE ROGERS,2025-04-29,8,3164.37
BK_62603,CAP,JOSEPH HOBBS,2025-05-31,1,275.84
BK_25721,CAP,KIMBERLY WAGNER,2025-04-25,1,313.95
BK_30451,CAP,JESUS MALDONADO,2025-07-11,6,1830.16
BK_98886,ORO,Jacob Hansen,2025-08-15,12,
BK_38634,SAN,James Ford,2026-01-25,11,5253.51
BK_20032,GAL,STEVEN PARKER,2026-01-28,2,281.73
BK_65184,ORO,Laura Torres,2025-07-08,2,351.17
BK_74122,ORO,JENNIFER MARTIN,2025-07-30,5,726.4
BK_12373,GAL,LISA TAYLOR,2025-09-28,6,940.65
BK_10211,CAP,Warren Harrison,2025-05-29,11,3280.36
BK_54538,LAZ,Lisa Sims,2025-09-07,3,803.47
BK_56316,SAN,Jeremy Escobar,2026-02-03,9,3951.28
BK_44711,ORO,Lauren Lloyd,2025-10-18,5,792.86
BK_21241,GAL,john griffin,2025-06-24,6,1049.58
BK_33305,GAL,KAREN KRUEGER,2026-01-27,3,545.13
BK_75186,ORO,Michael Byrd,2025-10-24,9,1535.28
BK_65339,CAP,whitney bradshaw,2025-04-30,8,2016.6
BK_50644,SAN,GABRIEL STEELE,2025-06-25,5,2229.34
BK_98747,GAL,Anthony Barr,2025-07-29,8,1467.43
BK_89064,SAN,CHARLES ROGERS,2025-05-05,11,4405.1
BK_85626,GAL,Sherry Edwards,2026-01-29,1,
BK_49706,GAL,angela pena,2025-02-26,2,314.07
BK_50389,ORO,philip may,2025-08-11,11,1963.66
BK_83610,ORO,joel mcfarland,2025-11-21,6,867.84
BK_13855,CAP,stephen salas,2025-09-14,8,
BK_16856,ORO,JENNIFER GALVAN,2025-11-18,6,889.8
BK_91448,SAN,stephen johnson,2025-04-10,9,3524.02
BK_66182,GAL,MELINDA JONES,2025-08-08,8,1092.24
BK_71664,CAP,Maria Taylor,2025-09-17,2,505.83
BK_46264,ORO,BENJAMIN SMITH,2025-06-22,9,1630.18
BK_90859,GAL,WILLIAM CLAY,2025-10-25,3,451.07
BK_78351,CAP,Mr. Michael Harris DVM,2025-06-22,-1,-305.43
BK_24321,LAZ,Kenneth House,2026-02-12,4,1220.91
BK_57477,SAN,Eric Osborn,2025-12-20,8,3798.21
BK_58543,SAN,JACLYN WOOD,2025-03-27,11,5580.78
BK_20883,SAN,Jessica Benton,2025-09-02,3,1533.29
BK_22172,ORO,ANGELA MURPHY,2025-06-08,12,1864.82
BK_56999,ORO,colin cooke,2026-01-02,5,699.51
BK_80899,GAL,Gary Morgan,2025-10-19,6,850.62
BK_13451,CAP,doris watkins,2026-01-29,1,276.41
BK_32709,LAZ,james alexander,2025-07-17,4,1111.43
BK_77544,CAP,Carmen Gutierrez,2025-02-25,3,897.91
BK_76819,GAL,PAUL NGUYEN,2025-02-16,2,347.79
BK_74508,LAZ,james jensen,2025-06-20,11,2662.43
BK_83184,ORO,HEATHER HILL,2026-01-24,12,1748.26
BK_65306,SAN,RYAN MORENO,2025-02-25,1,466.74
BK_43303,CAP,dominic johnson,2026-02-02,9,2643.81
BK_14380,ORO,michael chaney,2025-09-20,7,1061.37
BK_92388,CAP,Christy Jones,2025-10-06,6,1863.12
BK_58300,ORO,Lisa Yang,2025-05-23,2,272.08
BK_69608,LAZ,Jessica Hodge,2025-11-29,12,2914.02
BK_41543,SAN,Daniel Perry,2025-11-24,11,5015.43
BK_99684,CAP,DEBORAH GONZALES,2025-08-21,6,1806.77
BK_43983,ORO,Jeffrey Sanders,2025-07-13,10,1609.38
BK_86280,LAZ,beth ellison,2026-02-01,3,965.0
BK_88824,GAL,STEPHANIE JOHNSON,2025-08-28,9,1500.82
BK_38501,GAL,Joseph Wade,2025-08-30,4,650.61
BK_74844,ORO,shawna kelly,2025-04-29,10,1479.52
BK_60153,LAZ,james morris,2025-08-19,11,2663.38
BK_95891,ORO,Whitney Chang,2025-09-19,5,
BK_23968,SAN,REBECCA SMITH,2025-09-07,12,4725.08
BK_67958,ORO,BRENDA PEREZ,2025-08-20,12,2200.0
BK_36157,GAL,Kyle Jones,2025-05-29,11,1748.8
BK_54482,CAP,grant cummings,2025-05-16,3,931.87
BK_37511,CAP,MELISSA NEWTON,2025-10-18,9,2143.52
BK_67931,CAP,kristin white,2025-11-23,7,1830.14
BK_37102,H_UNK,JESSICA MCCALL,2025-09-04,9,2699.93
BK_53667,CAP,amy ramirez,2025-11-05,7,1923.96
BK_79703,CAP,katelyn cherry,2025-10-26,12,3675.86
BK_42109,LAZ,Nancy Martin,2025-09-21,9,2764.51
BK_63293,SAN,FELICIA ROBINSON,2025-09-15,12,5405.1
BK_13140,CAP,Omar Hopkins,2025-09-21,6,1587.43
BK_27589,SAN,Gina Perez,2025-04-20,3,1468.08
BK_38859,SAN,ANDREA EDWARDS,2025-11-19,3,1288.84
BK_89581,LAZ,carl nguyen,2025-06-10,7,1848.35
BK_59200,GAL,Stacy Vaughn,2025-06-08,12,1774.84
BK_27729,CAP,SHANNON RIOS,2025-10-10,10,2560.34
BK_25262,SAN,Nicole Lewis,2025-04-19,11,4625.07
BK_96873,SAN,emily floyd,2025-03-12,6,2569.0
BK_41190,GAL,faith parker,2025-12-12,3,544.74
