Transaction_ID,Booking_ID,Payment_Method,Country,Status,IP_Address
TR_217922,BK_93524,PayPal,US,Success,178.138.54.238
TR_954128,BK_16458,Credit Card,IT,Success,32.227.131.213
TR_775126,BK_59912,Bank Transfer,IT,Success,167.97.56.131
TR_873016,BK_31415,Credit Card,IT,Success,113.237.177.92
TR_894719,BK_17030,Credit Card,IT,Success,223.91.51.249
TR_868729,BK_14508,Credit Card,DE,Success,15.178.44.165
TR_311724,BK_88275,Bank Transfer,IT,Success,175.132.158.186
TR_124078,BK_39159,Credit Card,IT,Success,123.224.149.117
TR_245256,BK_34679,Bank Transfer,US,Chargeback,192.76.44.185
TR_449570,BK_47788,PayPal,IT,Success,101.187.61.250
TR_940509,BK_57783,Credit Card,IT,Success,68.186.105.159
TR_648177,BK_29281,Bank Transfer,IT,Success,143.233.110.59
TR_872489,BK_43946,PayPal,IT,Success,213.55.164.124
TR_598076,BK_63652,PayPal,IT,Success,114.67.59.250
TR_346585,BK_31999,PayPal,IT,Success,111.255.166.97
TR_870019,BK_62876,PayPal,UK,Success,157.145.156.234
TR_145983,BK_34807,PayPal,DE,Success,202.62.214.248
TR_934217,BK_15736,Bank Transfer,DE,Success,208.126.114.113
TR_417992,BK_58311,Bank Transfer,IT,Success,78.173.135.19
TR_209386,BK_44679,Credit Card,US,Success,97.156.13.61
TR_144201,BK_26171,Bank Transfer,IT,Success,73.66.23.116
TR_849529,BK_55447,Bank Transfer,IT,Success,5.118.191.168
TR_529753,BK_78698,PayPal,IT,Success,80.89.171.62
TR_714061,BK_65040,Credit Card,IT,Success,157.108.139.247
TR_212766,BK_88899,Credit Card,IT,Success,82.184.81.180
TR_934729,BK_75314,Credit Card,IT,Success,14.251.163.72
TR_286269,BK_21162,PayPal,IT,Success,32.108.73.24
TR_630232,BK_82967,PayPal,IT,Success,146.0.21.147
TR_181460,BK_57695,Bank Transfer,IT,Success,128.148.156.179
TR_409643,BK_90704,Bank Transfer,DE,Success,174.87.11.35
TR_620004,BK_25834,Bank Transfer,DE,Success,105.246.121.137
TR_930147,BK_60258,Bank Transfer,IT,Success,54.54.158.202
TR_713901,BK_27753,PayPal,IT,Success,136.22.7.125
TR_593293,BK_59531,Credit Card,RU,Success,1.98.211.179
TR_834042,BK_29716,Bank Transfer,DE,Success,186.250.212.21
TR_820433,BK_82404,Bank Transfer,IT,Success,192.121.172.106
TR_739397,BK_49689,Credit Card,IT,Success,102.47.8.169
TR_270946,BK_69922,Bank Transfer,IT,Success,11.63.70.27
TR_480130,BK_61714,Credit Card,IT,Success,184.171.167.146
TR_850292,BK_45587,PayPal,IT,Success,185.99.69.227
TR_473359,BK_76462,PayPal,FR,Success,14.174.5.170
TR_892134,BK_13251,PayPal,IT,Success,215.164.185.197
TR_672805,BK_82362,Bank Transfer,DE,Success,202.84.112.88
TR_794003,BK_45359,Bank Transfer,IT,Success,40.67.197.23
TR_329360,BK_77255,Credit Card,IT,Success,88.154.22.168
TR_259546,BK_30290,Credit Card,UK,Success,185.238.41.203
TR_294067,BK_32625,PayPal,FR,Success,99.19.171.195
TR_245532,BK_37895,Credit Card,IT,Success,6.73.240.51
TR_249597,BK_42116,Credit Card,IT,Success,34.2.193.3
TR_381999,BK_17357,Credit Card,IT,Success,164.13.219.64
TR_755861,BK_77045,PayPal,IT,Success,157.89.36.48
TR_935839,BK_30432,Credit Card,IT,Success,107.65.214.217
TR_572870,BK_18503,Bank Transfer,IT,Success,57.49.132.172
TR_727616,BK_31061,Credit Card,DE,Success,204.237.221.28
TR_941208,BK_66011,PayPal,IT,Success,57.151.139.137
TR_501047,BK_92030,Credit Card,DE,Success,117.180.170.63
TR_540382,BK_37385,Credit Card,UK,Success,206.80.88.12
TR_729485,BK_27878,Credit Card,IT,Success,207.190.63.255
TR_425834,BK_27647,Bank Transfer,IT,Success,156.248.149.141
TR_411841,BK_85544,PayPal,IT,Success,91.223.106.0
TR_902607,BK_44703,PayPal,IT,Success,35.227.19.102
TR_735130,BK_54493,Credit Card,IT,Success,85.39.133.166
TR_256781,BK_82782,Credit Card,IT,Success,222.229.171.146
TR_375253,BK_47143,Credit Card,DE,Success,51.191.134.144
TR_692516,BK_46821,Bank Transfer,IT,Success,97.170.233.243
TR_260315,BK_54442,Credit Card,IT,Success,144.157.141.63
TR_101050,BK_32750,PayPal,IT,Success,83.43.116.2
TR_984192,BK_50626,Bank Transfer,RU,Success,107.223.34.114
TR_805803,BK_68459,Bank Transfer,IT,Success,25.67.229.129
TR_458987,BK_74624,Bank Transfer,IT,Success,217.184.64.125
TR_919446,BK_38946,Bank Transfer,IT,Success,161.186.171.119
TR_786941,BK_59637,Bank Transfer,IT,Success,125.155.7.119
TR_606987,BK_18986,Bank Transfer,FR,Success,81.60.161.95
TR_230199,BK_84262,Bank Transfer,IT,Success,33.90.193.39
TR_349705,BK_16224,Credit Card,IT,Success,160.10.176.236
TR_531330,BK_46448,PayPal,DE,Success,8.231.97.128
TR_406318,BK_58703,Bank Transfer,IT,Success,136.128.81.148
TR_648071,BK_58830,PayPal,US,Success,178.180.97.8
TR_225856,BK_96095,PayPal,IT,Success,55.76.218.128
TR_929151,BK_39388,Bank Transfer,IT,Success,222.81.42.106
TR_959832,BK_38920,PayPal,IT,Success,17.252.2.251
TR_327132,BK_61666,PayPal,RU,Success,11.102.224.244
TR_536651,BK_69112,Bank Transfer,IT,Success,55.22.163.57
TR_656970,BK_71403,PayPal,IT,Success,135.197.189.198
TR_835288,BK_73586,Credit Card,FR,Success,187.76.9.222
TR_854071,BK_61823,PayPal,US,Success,184.166.20.107
TR_566957,BK_16279,PayPal,IT,Success,80.251.125.201
TR_921568,BK_92383,Credit Card,DE,Failed,33.143.176.0
TR_923266,BK_52916,Bank Transfer,IT,Success,152.38.144.154
TR_368280,BK_12846,Credit Card,IT,Failed,122.1.196.229
TR_721387,BK_58606,Bank Transfer,US,Success,116.80.53.141
TR_124425,BK_73135,Bank Transfer,IT,Success,92.48.30.131
TR_868440,BK_19731,PayPal,DE,Success,69.82.141.245
TR_651296,BK_79088,Bank Transfer,IT,Success,155.208.210.116
TR_937840,BK_41469,PayPal,IT,Success,13.229.245.234
TR_578982,BK_63255,Bank Transfer,IT,Success,17.101.215.64
TR_736830,BK_15415,PayPal,IT,Success,170.41.112.62
TR_669323,BK_78793,PayPal,IT,Success,177.77.50.205
TR_853666,BK_60762,Credit Card,IT,Success,33.105.197.135
TR_962611,BK_97560,PayPal,IT,Success,165.42.187.157
TR_279112,BK_94274,PayPal,US,Success,185.173.26.219
TR_210256,BK_27854,PayPal,DE,Success,28.154.242.213
TR_491776,BK_17095,PayPal,IT,Success,140.67.11.154
TR_617151,BK_88941,Bank Transfer,IT,Failed,43.201.97.27
TR_673128,BK_46221,PayPal,IT,Success,122.234.209.84
TR_983346,BK_24884,Credit Card,IT,Success,4.27.232.63
TR_469338,BK_69822,PayPal,US,Success,142.204.3.140
TR_114891,BK_59718,Credit Card,IT,Success,122.29.114.125
TR_769058,BK_31769,Bank Transfer,IT,Success,51.127.145.206
TR_743521,BK_13929,PayPal,DE,Success,217.212.93.133
TR_963383,BK_52157,Bank Transfer,RU,Success,168.161.37.33
TR_642166,BK_81595,PayPal,IT,Success,66.208.9.22
TR_919579,BK_80982,Credit Card,IT,Success,138.44.88.83
TR_820113,BK_62641,Bank Transfer,IT,Success,193.50.101.251
TR_426910,BK_99512,Bank Transfer,IT,Success,207.192.95.236
TR_424046,BK_34975,Credit Card,IT,Success,149.206.244.161
TR_643043,BK_12654,Bank Transfer,US,Success,96.113.39.10
TR_257494,BK_54916,PayPal,IT,Success,69.177.97.122
TR_847410,BK_48187,Credit Card,DE,Success,158.122.12.120
TR_717675,BK_28698,Credit Card,RU,Failed,102.14.123.154
TR_874034,BK_96100,PayPal,DE,Success,141.36.148.17
TR_255518,BK_52489,Bank Transfer,IT,Success,2.74.138.201
TR_696184,BK_93866,Bank Transfer,IT,Success,102.69.15.113
TR_704415,BK_32851,Credit Card,IT,Success,171.132.207.146
TR_907042,BK_50546,PayPal,IT,Success,165.47.96.94
TR_276050,BK_43343,PayPal,DE,Failed,109.28.106.130
TR_974392,BK_87376,Bank Transfer,IT,Success,136.60.61.7
TR_699452,BK_48018,Bank Transfer,DE,Success,65.14.28.134
TR_498790,BK_31074,Credit Card,FR,Success,198.230.183.248
TR_131750,BK_68763,PayPal,IT,Success,210.31.127.201
TR_669736,BK_77823,Credit Card,DE,Success,196.238.85.59
TR_580901,BK_65090,Bank Transfer,IT,Success,204.243.32.165
TR_392266,BK_57718,Credit Card,US,Failed,199.230.151.139
TR_201326,BK_86738,Bank Transfer,IT,Success,62.79.109.38
TR_628929,BK_92874,PayPal,IT,Success,13.37.249.162
TR_617317,BK_86093,PayPal,IT,Success,66.136.246.183
TR_595712,BK_64414,PayPal,IT,Success,136.165.242.160
TR_594485,BK_20657,Bank Transfer,UK,Success,202.55.177.67
TR_336904,BK_53903,Credit Card,DE,Success,33.159.111.4
TR_117992,BK_54355,Bank Transfer,IT,Success,110.104.100.235
TR_687758,BK_69762,Bank Transfer,IT,Success,33.8.176.60
TR_901220,BK_96240,Credit Card,IT,Success,98.206.88.163
TR_324374,BK_56115,Credit Card,IT,Success,78.90.175.255
TR_394483,BK_55430,PayPal,IT,Success,154.60.14.79
TR_921645,BK_94259,Bank Transfer,IT,Failed,185.94.81.250
TR_583664,BK_10098,Credit Card,IT,Success,26.8.100.185
TR_369789,BK_87186,Credit Card,IT,Success,74.103.178.12
TR_975890,BK_16244,PayPal,US,Success,203.236.239.104
TR_932205,BK_99395,PayPal,IT,Success,186.36.248.41
TR_837698,BK_21023,Bank Transfer,IT,Success,217.28.201.99
TR_446874,BK_53250,Bank Transfer,UK,Success,183.3.107.191
TR_665387,BK_53714,Bank Transfer,IT,Success,112.131.66.107
TR_891778,BK_33310,Credit Card,IT,Success,215.148.216.169
TR_671279,BK_93654,Credit Card,DE,Success,58.53.96.33
TR_198034,BK_94457,PayPal,IT,Success,103.81.4.91
TR_223015,BK_63203,Bank Transfer,IT,Failed,126.152.44.30
TR_305926,BK_50285,Bank Transfer,IT,Success,196.46.254.164
TR_734116,BK_12763,PayPal,IT,Success,112.133.176.42
TR_253140,BK_72500,PayPal,DE,Success,172.225.229.51
TR_810202,BK_98583,Credit Card,IT,Success,6.108.78.106
TR_901579,BK_78230,PayPal,IT,Success,14.47.235.119
TR_921435,BK_29275,PayPal,IT,Success,134.64.220.182
TR_884829,BK_11067,Bank Transfer,IT,Success,56.96.175.30
TR_647933,BK_12151,Bank Transfer,IT,Success,23.61.20.191
TR_479097,BK_59558,PayPal,RU,Success,188.66.105.1
TR_316225,BK_44422,PayPal,US,Success,117.220.179.175
TR_979009,BK_64957,Credit Card,IT,Success,137.77.157.218
TR_928911,BK_88891,Bank Transfer,IT,Success,81.50.54.146
TR_441645,BK_81018,Bank Transfer,IT,Success,168.124.123.99
TR_936455,BK_21039,Credit Card,RU,Success,205.21.66.80
TR_290844,BK_56258,Credit Card,IT,Success,36.252.217.62
TR_700801,BK_92462,Credit Card,IT,Success,27.96.105.148
TR_557624,BK_58042,Bank Transfer,IT,Success,159.46.22.165
TR_511801,BK_80846,Credit Card,IT,Success,58.110.255.37
TR_271608,BK_34853,Credit Card,IT,Success,94.84.12.215
TR_211766,BK_53072,Credit Card,IT,Success,197.169.136.159
TR_850707,BK_77997,Bank Transfer,FR,Success,128.5.21.16
TR_809124,BK_87763,Bank Transfer,IT,Success,192.24.5.88
TR_872143,BK_31688,Bank Transfer,IT,Success,45.77.26.241
TR_390342,BK_20700,Credit Card,IT,Success,31.95.39.183
TR_848450,BK_45884,Credit Card,RU,Success,177.173.137.201
TR_594292,BK_62315,PayPal,IT,Success,50.235.205.22
TR_905016,BK_87383,Credit Card,RU,Success,212.84.186.137
TR_648320,BK_31146,Bank Transfer,DE,Success,221.0.51.139
TR_731965,BK_90400,Credit Card,IT,Success,124.30.5.244
TR_797769,BK_36587,Credit Card,IT,Success,222.230.16.28
TR_904944,BK_95712,Bank Transfer,IT,Success,107.188.236.81
TR_790138,BK_67737,Bank Transfer,DE,Success,32.118.76.203
TR_513662,BK_51953,PayPal,IT,Success,49.26.66.105
TR_433969,BK_99666,Credit Card,DE,Success,91.245.191.124
TR_508889,BK_27803,Bank Transfer,IT,Success,81.248.93.142
TR_285405,BK_29012,Bank Transfer,IT,Success,222.12.16.169
TR_500401,BK_70429,Credit Card,IT,Success,216.179.185.194
TR_508607,BK_50299,PayPal,DE,Success,216.7.232.121
TR_860948,BK_20370,Bank Transfer,IT,Success,91.155.117.229
TR_669256,BK_84607,PayPal,IT,Success,223.153.51.109
TR_449415,BK_63509,PayPal,IT,Success,92.57.153.237
TR_604254,BK_20351,PayPal,US,Success,67.153.228.199
TR_928009,BK_46016,PayPal,IT,Success,19.91.96.9
TR_697059,BK_68659,PayPal,IT,Success,107.17.110.22
TR_346562,BK_42711,PayPal,IT,Success,22.75.130.232
TR_566189,BK_26372,PayPal,IT,Success,25.197.27.10
TR_484804,BK_70185,Credit Card,IT,Success,199.79.191.201
TR_178991,BK_97652,PayPal,RU,Success,169.118.2.212
TR_547088,BK_39632,PayPal,IT,Success,119.108.171.106
TR_581514,BK_93786,Credit Card,UK,Success,191.250.54.119
TR_266190,BK_33831,Credit Card,DE,Success,209.230.43.28
TR_601495,BK_16794,PayPal,RU,Success,58.100.134.25
TR_715414,BK_79557,Credit Card,IT,Success,113.94.241.244
TR_208211,BK_49072,Bank Transfer,IT,Success,36.169.185.56
TR_325153,BK_77609,PayPal,DE,Success,15.173.68.151
TR_400481,BK_27826,Bank Transfer,IT,Success,75.1.74.133
TR_602155,BK_46056,Bank Transfer,IT,Success,41.118.94.162
TR_231673,BK_12666,PayPal,DE,Success,29.240.72.212
TR_598449,BK_85074,Bank Transfer,IT,Success,89.249.124.74
TR_802526,BK_74127,Bank Transfer,IT,Success,131.136.45.128
TR_938201,BK_54610,PayPal,RU,Success,167.39.224.134
TR_992027,BK_70142,Bank Transfer,IT,Success,153.56.26.96
TR_359557,BK_72050,Credit Card,DE,Success,102.226.136.70
TR_336804,BK_35487,Credit Card,IT,Success,72.200.11.227
TR_386556,BK_55846,Bank Transfer,DE,Success,58.41.222.244
TR_445398,BK_64712,Bank Transfer,RU,Success,78.121.80.166
TR_788356,BK_65152,PayPal,IT,Success,169.176.36.162
TR_926409,BK_40098,PayPal,UK,Success,81.121.209.248
TR_353600,BK_59658,Bank Transfer,IT,Success,198.166.129.5
TR_743568,BK_43825,Credit Card,IT,Success,131.228.49.181
TR_222583,BK_17976,Credit Card,IT,Success,156.240.11.109
TR_737726,BK_69942,Credit Card,FR,Success,120.88.125.219
TR_837040,BK_71144,PayPal,DE,Success,36.20.141.13
TR_936469,BK_43110,Bank Transfer,IT,Success,159.94.249.35
TR_631975,BK_40136,Credit Card,IT,Failed,156.62.235.249
TR_860543,BK_86441,Bank Transfer,IT,Success,220.127.31.31
TR_408663,BK_19347,PayPal,DE,Success,154.26.99.91
TR_767107,BK_19947,PayPal,IT,Success,37.190.221.81
TR_338827,BK_51892,Credit Card,RU,Success,68.243.31.91
TR_487901,BK_63745,Credit Card,IT,Success,92.9.189.254
TR_308929,BK_28366,Bank Transfer,IT,Success,49.127.202.149
TR_568433,BK_98060,Credit Card,DE,Success,42.42.116.207
TR_102234,BK_55717,Bank Transfer,IT,Success,50.139.205.100
TR_789588,BK_79686,Bank Transfer,IT,Success,22.171.220.203
TR_590272,BK_85349,Credit Card,IT,Success,137.142.85.157
TR_536275,BK_49991,PayPal,IT,Success,12.243.202.86
TR_414746,BK_56369,Credit Card,DE,Success,78.102.105.185
TR_752617,BK_26914,PayPal,IT,Success,14.71.216.4
TR_987458,BK_96371,Credit Card,DE,Success,101.225.232.128
TR_767292,BK_28820,PayPal,DE,Success,97.185.206.130
TR_977865,BK_94886,PayPal,RU,Success,82.106.209.69
TR_320538,BK_65769,Bank Transfer,IT,Success,22.176.2.56
TR_836781,BK_42604,Bank Transfer,IT,Success,72.242.15.208
TR_646030,BK_32271,Bank Transfer,IT,Success,60.227.240.155
TR_232980,BK_49309,PayPal,UK,Success,63.208.21.31
TR_192515,BK_74232,Credit Card,IT,Success,83.198.224.209
TR_375933,BK_34177,Bank Transfer,IT,Success,123.104.29.211
TR_665359,BK_70153,PayPal,IT,Success,17.26.120.138
TR_354874,BK_25089,PayPal,DE,Success,170.189.253.192
TR_878229,BK_52552,Bank Transfer,IT,Success,196.35.191.143
TR_690465,BK_22158,PayPal,IT,Success,170.96.200.200
TR_951380,BK_93682,PayPal,IT,Success,130.143.3.254
TR_337551,BK_86006,PayPal,IT,Success,179.180.141.49
TR_217369,BK_81345,Bank Transfer,DE,Success,42.190.5.46
TR_518032,BK_62927,PayPal,IT,Success,119.147.37.8
TR_123525,BK_25131,Bank Transfer,DE,Success,84.133.57.60
TR_300958,BK_77876,PayPal,DE,Success,6.24.119.156
TR_909349,BK_72956,Bank Transfer,DE,Success,181.26.180.177
TR_805897,BK_85468,Bank Transfer,FR,Success,213.8.67.111
TR_573375,BK_39034,Credit Card,IT,Success,208.174.2.90
TR_477777,BK_72744,Credit Card,IT,Success,34.201.240.114
TR_767484,BK_88060,Bank Transfer,IT,Success,108.45.187.191
TR_249946,BK_98052,Credit Card,UK,Success,56.138.221.5
TR_801952,BK_79980,Credit Card,IT,Success,62.247.125.30
TR_247568,BK_57552,Bank Transfer,IT,Success,216.19.188.115
TR_912531,BK_79533,Credit Card,IT,Success,66.102.204.233
TR_894209,BK_69660,Credit Card,IT,Success,79.131.248.2
TR_714143,BK_59635,Bank Transfer,RU,Success,37.113.245.255
TR_441914,BK_29206,Bank Transfer,IT,Success,174.76.160.30
TR_152639,BK_68233,Credit Card,IT,Success,31.23.35.156
TR_918950,BK_44609,Bank Transfer,IT,Success,165.70.26.158
TR_279703,BK_79888,Bank Transfer,US,Success,2.52.207.99
TR_948819,BK_77083,Bank Transfer,RU,Success,119.12.247.57
TR_351518,BK_92864,Bank Transfer,DE,Success,74.56.65.38
TR_278389,BK_67376,Bank Transfer,RU,Success,168.7.59.168
TR_629556,BK_37943,PayPal,FR,Success,85.143.33.172
TR_282399,BK_81972,Bank Transfer,US,Success,193.82.35.133
TR_376084,BK_32993,Credit Card,IT,Success,183.45.88.137
TR_406404,BK_75555,Credit Card,FR,Success,57.13.182.185
TR_132700,BK_48049,PayPal,RU,Success,52.223.247.222
TR_796388,BK_97278,Credit Card,IT,Success,132.225.219.0
TR_661129,BK_48444,Bank Transfer,IT,Success,72.180.90.76
TR_628644,BK_57356,Credit Card,IT,Success,146.151.206.185
TR_239811,BK_89139,PayPal,IT,Success,52.175.58.31
TR_103508,BK_87525,Credit Card,IT,Success,32.100.16.121
TR_444466,BK_27660,PayPal,IT,Success,166.219.143.70
TR_937332,BK_85203,Bank Transfer,IT,Success,181.132.66.111
TR_140200,BK_23975,Credit Card,IT,Success,51.153.255.46
TR_704496,BK_38840,Credit Card,IT,Success,175.209.252.255
TR_908409,BK_54967,Bank Transfer,IT,Failed,197.203.206.202
TR_558946,BK_73733,PayPal,IT,Success,118.127.141.181
TR_149288,BK_46334,Bank Transfer,RU,Success,83.32.233.122
TR_497739,BK_63214,PayPal,UK,Success,178.76.92.147
TR_594749,BK_99476,PayPal,IT,Success,38.58.169.19
TR_631971,BK_72226,Credit Card,DE,Success,222.134.99.105
TR_196331,BK_94993,PayPal,IT,Success,101.252.10.109
TR_840735,BK_89485,Bank Transfer,IT,Success,37.162.94.83
TR_214958,BK_63400,Bank Transfer,IT,Success,46.242.83.228
TR_927609,BK_51466,PayPal,IT,Success,82.18.85.97
TR_626447,BK_54635,PayPal,IT,Success,189.231.177.227
TR_871349,BK_38579,PayPal,IT,Success,16.78.48.39
TR_689436,BK_36888,Bank Transfer,IT,Success,7.65.115.151
TR_533497,BK_33093,PayPal,IT,Success,191.250.125.230
TR_837173,BK_36729,PayPal,IT,Success,95.142.223.15
TR_971067,BK_47716,PayPal,IT,Success,29.46.212.217
TR_155599,BK_83968,Bank Transfer,IT,Success,172.3.243.91
TR_571895,BK_24463,Bank Transfer,IT,Success,195.23.186.40
TR_385345,BK_86877,Bank Transfer,IT,Success,58.180.224.185
TR_973617,BK_16137,PayPal,IT,Success,76.193.94.216
TR_210903,BK_39973,Credit Card,IT,Success,194.203.4.172
TR_528816,BK_96805,Bank Transfer,FR,Success,210.18.181.35
TR_136260,BK_70298,Bank Transfer,IT,Success,184.148.88.251
TR_505499,BK_60639,Credit Card,DE,Success,95.81.178.238
TR_507378,BK_35595,Bank Transfer,IT,Success,34.20.22.149
TR_982105,BK_28736,Bank Transfer,DE,Success,179.16.195.238
TR_303602,BK_66719,Credit Card,IT,Success,73.160.217.12
TR_189894,BK_33086,PayPal,UK,Success,119.237.234.49
TR_626170,BK_73651,Bank Transfer,IT,Success,142.115.231.35
TR_988629,BK_20475,Bank Transfer,IT,Success,46.34.69.235
TR_710063,BK_76112,Credit Card,IT,Success,223.155.128.116
TR_454162,BK_54753,Credit Card,FR,Success,68.87.124.46
TR_428727,BK_98998,Bank Transfer,IT,Success,147.124.14.208
TR_884124,BK_29438,PayPal,IT,Success,194.140.48.237
TR_591929,BK_84610,PayPal,IT,Success,131.24.92.175
TR_717453,BK_88297,PayPal,IT,Success,198.83.140.42
TR_980497,BK_26967,Credit Card,IT,Success,79.3.55.243
TR_740850,BK_63060,Bank Transfer,IT,Success,79.120.123.152
TR_609021,BK_96828,PayPal,US,Chargeback,104.81.61.15
TR_373823,BK_12251,PayPal,US,Success,200.219.101.250
TR_248884,BK_67965,Credit Card,IT,Success,168.100.45.94
TR_271602,BK_33502,Credit Card,IT,Failed,156.65.88.182
TR_453388,BK_84254,Bank Transfer,FR,Success,19.167.44.136
TR_999493,BK_76596,Credit Card,IT,Success,14.95.150.60
TR_116926,BK_70992,Bank Transfer,IT,Success,37.65.63.208
TR_794019,BK_57273,Bank Transfer,IT,Success,101.143.6.36
TR_288226,BK_89607,Bank Transfer,IT,Success,136.59.4.81
TR_320227,BK_56155,Credit Card,DE,Success,183.101.104.136
TR_886959,BK_19259,Credit Card,DE,Success,214.118.43.185
TR_806897,BK_14476,PayPal,IT,Success,149.184.112.188
TR_976935,BK_56200,PayPal,IT,Success,116.27.248.108
TR_942965,BK_68613,Bank Transfer,IT,Success,21.204.122.217
TR_176860,BK_33184,Bank Transfer,IT,Success,125.235.16.170
TR_224103,BK_29538,Bank Transfer,FR,Success,178.172.4.70
TR_591126,BK_91059,Credit Card,FR,Success,21.31.20.184
TR_429292,BK_50153,PayPal,IT,Success,170.152.54.100
TR_872044,BK_77890,Credit Card,US,Success,22.179.215.74
TR_319823,BK_60418,Bank Transfer,IT,Success,43.158.144.64
TR_594501,BK_24656,Credit Card,IT,Success,83.109.211.234
TR_337196,BK_36352,Credit Card,IT,Success,67.248.158.167
TR_433551,BK_64418,PayPal,IT,Success,121.109.39.23
TR_564184,BK_96483,Credit Card,IT,Success,17.124.181.72
TR_936828,BK_94418,Bank Transfer,IT,Success,150.107.96.223
TR_864675,BK_19776,PayPal,IT,Success,203.8.39.213
TR_209069,BK_84946,Bank Transfer,IT,Success,136.18.160.164
TR_259357,BK_61479,PayPal,DE,Success,200.146.176.227
TR_856532,BK_41866,Credit Card,IT,Success,76.72.151.206
TR_613416,BK_24851,Bank Transfer,IT,Success,30.199.59.1
TR_466806,BK_90513,Credit Card,IT,Success,51.135.162.59
TR_953292,BK_24085,Bank Transfer,DE,Success,149.169.16.175
TR_790383,BK_82948,Credit Card,FR,Success,80.236.135.103
TR_873106,BK_82019,Bank Transfer,DE,Success,35.16.106.161
TR_144435,BK_96316,Credit Card,IT,Success,18.81.55.187
TR_836206,BK_11296,Credit Card,IT,Success,91.222.250.102
TR_516619,BK_26900,Credit Card,DE,Success,111.22.32.36
TR_528824,BK_28961,Bank Transfer,IT,Success,145.189.103.182
TR_254190,BK_30965,Credit Card,IT,Success,152.70.89.73
TR_209789,BK_10582,Bank Transfer,DE,Success,111.95.79.184
TR_349798,BK_89427,PayPal,IT,Success,119.115.211.181
TR_578031,BK_63539,Bank Transfer,IT,Success,6.251.166.200
TR_587165,BK_86244,PayPal,US,Success,108.240.84.40
TR_642482,BK_76906,Credit Card,IT,Success,93.67.3.219
TR_157678,BK_42660,Bank Transfer,RU,Success,77.5.224.147
TR_438437,BK_74130,Credit Card,FR,Failed,47.207.41.121
TR_740088,BK_71576,PayPal,DE,Success,114.161.176.251
TR_370406,BK_37808,PayPal,IT,Success,204.119.64.209
TR_792899,BK_13769,Credit Card,IT,Success,79.144.52.27
TR_767653,BK_86845,Bank Transfer,IT,Success,119.77.137.101
TR_809810,BK_80409,PayPal,IT,Success,78.117.44.184
TR_802349,BK_53632,Credit Card,IT,Success,201.121.162.15
TR_284732,BK_80114,Credit Card,IT,Success,137.3.83.128
TR_882047,BK_64969,PayPal,DE,Success,141.174.69.254
TR_525653,BK_49774,Bank Transfer,IT,Success,107.206.8.212
TR_798487,BK_31865,Bank Transfer,DE,Success,194.22.100.244
TR_659192,BK_12225,Bank Transfer,IT,Success,13.103.7.180
TR_230756,BK_88809,Credit Card,IT,Success,134.248.140.78
TR_176168,BK_27141,Bank Transfer,IT,Success,164.188.187.86
TR_507063,BK_92789,PayPal,DE,Success,96.212.55.61
TR_657332,BK_16857,Bank Transfer,DE,Success,22.176.239.90
TR_855763,BK_94463,Credit Card,DE,Success,12.65.186.109
TR_232437,BK_35636,Credit Card,IT,Success,147.179.38.237
TR_878724,BK_47403,Bank Transfer,IT,Success,164.157.170.217
TR_455146,BK_38100,PayPal,FR,Success,24.30.252.35
TR_890995,BK_11646,Credit Card,IT,Success,101.91.65.212
TR_179722,BK_72517,Credit Card,IT,Success,124.242.25.205
TR_462238,BK_67081,Bank Transfer,US,Chargeback,122.61.78.178
TR_556473,BK_52574,PayPal,DE,Success,6.151.250.216
TR_353252,BK_72613,PayPal,IT,Success,162.255.228.224
TR_768835,BK_14194,PayPal,DE,Success,5.217.166.134
TR_681590,BK_89677,Bank Transfer,UK,Success,189.186.153.109
TR_735358,BK_45995,Bank Transfer,UK,Success,135.176.155.212
TR_256435,BK_82089,PayPal,IT,Success,34.225.134.83
TR_173506,BK_11714,Credit Card,IT,Success,119.3.156.159
TR_948041,BK_12965,PayPal,IT,Success,169.200.56.213
TR_982866,BK_59162,Credit Card,US,Success,45.136.139.217
TR_143856,BK_42337,Bank Transfer,US,Success,98.247.208.112
TR_480638,BK_72891,Credit Card,DE,Success,74.36.90.176
TR_850846,BK_98870,Credit Card,DE,Success,163.54.23.6
TR_865527,BK_16943,Bank Transfer,IT,Success,32.250.168.171
TR_728514,BK_64294,Bank Transfer,IT,Success,96.249.59.177
TR_662596,BK_18586,Bank Transfer,IT,Success,44.250.64.10
TR_435601,BK_26105,Bank Transfer,IT,Success,104.46.190.38
TR_719954,BK_31428,Bank Transfer,IT,Success,34.38.93.169
TR_802302,BK_98555,PayPal,IT,Success,80.119.121.61
TR_911741,BK_61393,Bank Transfer,IT,Success,88.110.31.27
TR_511469,BK_31540,Credit Card,IT,Success,68.155.166.62
TR_899857,BK_45187,Credit Card,IT,Success,8.22.7.55
TR_974585,BK_34770,Credit Card,DE,Success,42.194.131.111
TR_206482,BK_30574,Credit Card,IT,Success,161.127.56.83
TR_968252,BK_55724,Bank Transfer,IT,Success,95.62.96.248
TR_227703,BK_30666,Bank Transfer,IT,Success,104.21.226.118
TR_762990,BK_60556,PayPal,IT,Success,124.169.51.247
TR_842727,BK_39323,PayPal,IT,Success,208.254.171.44
TR_823655,BK_55580,Bank Transfer,UK,Success,203.54.12.113
TR_781592,BK_90341,Credit Card,DE,Failed,122.68.197.25
TR_584292,BK_43776,Bank Transfer,IT,Success,41.229.217.45
TR_820675,BK_39967,Credit Card,IT,Success,121.175.101.187
TR_428490,BK_24673,Bank Transfer,IT,Success,216.53.55.70
TR_601666,BK_50653,Bank Transfer,IT,Success,89.124.172.194
TR_738190,BK_82550,PayPal,IT,Success,42.146.103.25
TR_989593,BK_69905,Credit Card,IT,Success,22.177.60.179
TR_667681,BK_20350,Credit Card,IT,Success,144.25.51.154
TR_337284,BK_14041,PayPal,US,Success,36.7.176.181
TR_817773,BK_69402,PayPal,FR,Success,92.82.245.8
TR_251282,BK_11328,Credit Card,IT,Success,178.136.238.11
TR_861669,BK_46719,Bank Transfer,FR,Success,170.135.228.143
TR_202537,BK_93827,PayPal,IT,Success,169.255.217.194
TR_735612,BK_40267,Credit Card,IT,Success,63.241.20.90
TR_861717,BK_38887,Bank Transfer,DE,Success,104.108.27.69
TR_121546,BK_71369,PayPal,IT,Success,213.251.252.216
TR_700197,BK_47982,Bank Transfer,IT,Success,17.130.8.102
TR_999571,BK_49117,Bank Transfer,IT,Success,27.124.121.47
TR_856030,BK_32957,Credit Card,IT,Success,144.118.57.126
TR_103581,BK_99129,Credit Card,DE,Success,109.220.218.202
TR_689010,BK_31987,Bank Transfer,IT,Success,117.18.65.133
TR_651073,BK_24146,Credit Card,IT,Success,119.240.117.38
TR_616292,BK_58833,Credit Card,IT,Success,98.0.36.27
TR_689017,BK_92312,Credit Card,IT,Success,86.141.212.162
TR_182789,BK_76728,Credit Card,IT,Success,174.201.193.233
TR_266597,BK_26652,Bank Transfer,IT,Success,126.228.217.126
TR_483201,BK_44529,PayPal,UK,Success,139.110.68.167
TR_435540,BK_73764,PayPal,IT,Success,204.102.120.83
TR_491009,BK_39567,Credit Card,IT,Success,39.93.135.210
TR_329679,BK_58716,Credit Card,IT,Success,169.6.197.231
TR_892171,BK_35121,PayPal,IT,Failed,186.135.253.125
TR_968391,BK_32915,Bank Transfer,RU,Chargeback,87.182.191.211
TR_495471,BK_73193,PayPal,IT,Success,48.220.49.229
TR_363651,BK_49526,Credit Card,IT,Success,196.128.199.200
TR_624725,BK_28142,Credit Card,IT,Success,146.46.88.9
TR_963870,BK_94583,PayPal,DE,Success,66.122.51.210
TR_716416,BK_13276,PayPal,IT,Success,54.79.71.200
TR_255280,BK_30013,PayPal,IT,Success,157.72.117.38
TR_237334,BK_86063,Bank Transfer,IT,Success,162.82.192.236
TR_676513,BK_18914,Bank Transfer,RU,Success,118.93.83.141
TR_985949,BK_95638,Credit Card,IT,Failed,139.133.103.6
TR_427387,BK_45096,Credit Card,IT,Success,85.179.181.180
TR_928689,BK_83305,PayPal,RU,Success,155.178.38.2
TR_498227,BK_35102,Bank Transfer,IT,Success,121.25.206.104
TR_361050,BK_89179,Credit Card,DE,Success,84.63.126.51
TR_689375,BK_50416,PayPal,IT,Success,108.55.59.120
TR_771504,BK_72284,Bank Transfer,DE,Success,122.118.17.152
TR_614965,BK_16661,Credit Card,IT,Success,173.42.124.83
TR_410704,BK_23154,PayPal,DE,Success,179.152.80.48
TR_870907,BK_30011,Credit Card,DE,Success,95.135.2.68
TR_241197,BK_17205,Credit Card,UK,Success,81.95.175.137
TR_357987,BK_33255,Credit Card,IT,Success,159.201.228.125
TR_596795,BK_17830,PayPal,IT,Success,7.222.81.33
TR_588262,BK_14428,Bank Transfer,IT,Success,144.1.170.30
TR_967284,BK_72365,PayPal,IT,Success,118.57.179.77
TR_467855,BK_85777,Credit Card,IT,Success,99.109.170.38
TR_383935,BK_35209,Bank Transfer,US,Success,197.229.235.118
TR_511228,BK_14124,PayPal,IT,Success,27.172.26.27
TR_945570,BK_37036,Credit Card,IT,Success,95.114.6.64
TR_486669,BK_72189,PayPal,DE,Success,73.218.8.67
TR_494060,BK_79153,Credit Card,IT,Success,96.238.39.34
TR_984122,BK_72676,Bank Transfer,DE,Success,195.110.249.1
TR_894273,BK_10210,Bank Transfer,US,Success,31.110.205.236
TR_346403,BK_38619,PayPal,FR,Success,66.219.136.239
TR_185408,BK_48409,PayPal,RU,Success,137.186.185.113
TR_736623,BK_71674,Credit Card,IT,Success,149.104.86.164
TR_468886,BK_30830,Credit Card,US,Success,51.248.59.48
TR_276660,BK_50570,PayPal,IT,Success,52.29.87.64
TR_694765,BK_66117,Bank Transfer,IT,Success,201.155.251.56
TR_530601,BK_17810,Credit Card,IT,Success,184.248.147.211
TR_782758,BK_31188,PayPal,DE,Success,63.68.236.59
TR_490623,BK_58355,Credit Card,IT,Success,124.216.237.158
TR_634965,BK_13820,Credit Card,IT,Success,37.141.66.164
TR_866537,BK_62501,PayPal,IT,Success,16.48.38.70
TR_115533,BK_88028,Bank Transfer,IT,Success,121.56.81.87
TR_363968,BK_77159,PayPal,US,Success,124.117.191.253
TR_180791,BK_14625,Bank Transfer,FR,Success,186.148.188.230
TR_663922,BK_79158,Bank Transfer,RU,Success,144.196.34.23
TR_445197,BK_60598,PayPal,US,Success,107.84.236.106
TR_942666,BK_94236,Bank Transfer,IT,Success,81.193.186.183
TR_866478,BK_80672,Credit Card,IT,Success,44.229.217.74
TR_820050,BK_78175,PayPal,DE,Success,126.162.246.7
TR_944117,BK_26403,PayPal,IT,Success,63.218.151.61
TR_364875,BK_48317,Credit Card,IT,Success,186.81.219.33
TR_497738,BK_10056,Credit Card,US,Success,142.149.88.217
TR_462482,BK_61203,Bank Transfer,DE,Success,96.143.14.133
TR_277599,BK_64266,Bank Transfer,IT,Success,156.244.5.191
TR_460820,BK_70542,Credit Card,IT,Success,115.134.73.206
TR_573803,BK_77166,PayPal,IT,Success,8.146.3.147
TR_656256,BK_89020,PayPal,DE,Success,49.80.60.254
TR_131812,BK_31416,Credit Card,DE,Success,136.48.164.2
TR_680391,BK_13337,Bank Transfer,IT,Success,115.162.10.171
TR_960571,BK_58215,PayPal,IT,Success,103.249.222.89
TR_154898,BK_24158,Credit Card,UK,Success,86.216.16.216
TR_209585,BK_70370,Bank Transfer,FR,Success,164.16.190.102
TR_876266,BK_83262,Credit Card,DE,Success,168.196.187.95
TR_978542,BK_54412,Credit Card,FR,Success,67.177.67.31
TR_948135,BK_77822,PayPal,DE,Success,135.59.155.158
TR_534839,BK_17527,Bank Transfer,DE,Success,79.156.113.230
TR_669226,BK_50186,Bank Transfer,IT,Success,12.46.203.194
TR_354307,BK_70470,PayPal,IT,Success,76.57.129.128
TR_529317,BK_60535,Bank Transfer,IT,Success,203.131.211.53
TR_866188,BK_57061,Credit Card,RU,Success,119.182.204.114
TR_318810,BK_88166,PayPal,IT,Success,218.37.77.112
TR_197245,BK_91939,PayPal,IT,Success,4.227.160.245
TR_214064,BK_10908,Bank Transfer,IT,Success,75.189.237.25
TR_817103,BK_95873,PayPal,IT,Success,41.81.190.215
TR_976590,BK_74603,Bank Transfer,IT,Success,29.133.205.155
TR_904197,BK_17157,Credit Card,DE,Success,75.208.168.145
TR_215475,BK_65533,Bank Transfer,DE,Success,180.78.63.206
TR_103052,BK_58142,Credit Card,IT,Success,162.162.176.211
TR_848347,BK_99403,PayPal,IT,Success,49.196.201.61
TR_459585,BK_78553,Credit Card,IT,Success,89.75.130.146
TR_256760,BK_57084,PayPal,IT,Success,204.82.78.128
TR_545680,BK_49235,Bank Transfer,US,Success,204.129.252.208
TR_187827,BK_41343,Bank Transfer,UK,Success,47.250.91.80
TR_781651,BK_88622,PayPal,DE,Success,187.115.33.201
TR_724664,BK_41117,PayPal,FR,Success,51.96.91.231
TR_218377,BK_35009,PayPal,IT,Success,102.87.252.186
TR_607284,BK_98162,Credit Card,IT,Success,94.75.74.65
TR_595777,BK_85026,Bank Transfer,IT,Success,117.43.43.177
TR_572481,BK_79663,Bank Transfer,FR,Success,95.48.56.236
TR_131657,BK_44121,Bank Transfer,IT,Success,135.90.182.226
TR_533217,BK_23292,Credit Card,IT,Success,42.61.215.166
TR_460381,BK_57999,Bank Transfer,DE,Success,18.150.227.224
TR_206998,BK_27366,Bank Transfer,IT,Success,134.151.204.92
TR_468813,BK_23144,PayPal,IT,Success,211.217.176.26
TR_419468,BK_22044,PayPal,IT,Success,22.168.179.80
TR_522053,BK_10972,Bank Transfer,IT,Failed,135.19.87.228
TR_348812,BK_20622,Credit Card,IT,Success,136.180.103.134
TR_628333,BK_20658,Credit Card,IT,Success,140.230.88.16
TR_365695,BK_82480,PayPal,IT,Success,50.17.62.62
TR_625805,BK_67623,Bank Transfer,IT,Success,118.219.92.245
TR_916002,BK_90574,Bank Transfer,IT,Success,119.210.98.137
TR_987634,BK_75333,Bank Transfer,RU,Success,200.115.255.173
TR_211716,BK_75741,Credit Card,IT,Success,153.144.8.86
TR_381828,BK_33631,Credit Card,IT,Success,185.163.57.192
TR_549737,BK_68556,Bank Transfer,IT,Success,23.61.24.185
TR_664581,BK_31161,Credit Card,DE,Success,3.76.173.193
TR_914536,BK_42332,Credit Card,IT,Success,222.235.19.200
TR_935189,BK_85798,Bank Transfer,IT,Success,24.168.221.21
TR_167331,BK_62849,Credit Card,IT,Success,143.197.247.12
TR_425359,BK_91160,Credit Card,IT,Success,77.136.106.109
TR_130333,BK_18897,PayPal,IT,Success,182.185.91.152
TR_624742,BK_31510,Credit Card,DE,Success,10.186.11.183
TR_367585,BK_83617,Bank Transfer,IT,Success,72.31.65.137
TR_709114,BK_70890,Bank Transfer,IT,Success,113.54.130.204
TR_602055,BK_82825,Credit Card,IT,Success,67.60.19.184
TR_238706,BK_81148,PayPal,IT,Success,144.133.168.48
TR_682648,BK_45891,PayPal,IT,Success,106.27.224.253
TR_103247,BK_87923,Credit Card,IT,Success,49.54.84.248
TR_638635,BK_67469,Credit Card,DE,Success,38.12.193.121
TR_580586,BK_69183,Credit Card,IT,Success,95.104.72.32
TR_741691,BK_12665,Credit Card,UK,Success,219.130.107.12
TR_351762,BK_55494,PayPal,IT,Success,191.71.134.96
TR_460103,BK_70398,Bank Transfer,US,Success,47.219.126.6
TR_395681,BK_25763,PayPal,DE,Success,28.121.244.26
TR_890804,BK_95567,Credit Card,FR,Success,5.37.150.215
TR_382964,BK_59345,Bank Transfer,IT,Success,129.42.218.251
TR_312721,BK_59894,Credit Card,IT,Success,120.254.202.245
TR_436755,BK_25898,Credit Card,RU,Success,158.33.72.212
TR_262832,BK_87070,Credit Card,IT,Success,219.192.25.191
TR_613499,BK_19064,Credit Card,IT,Success,42.78.56.138
TR_578071,BK_86908,Credit Card,IT,Success,15.13.78.38
TR_449340,BK_96070,PayPal,IT,Success,109.182.73.99
TR_872038,BK_73584,PayPal,IT,Success,178.245.3.23
TR_753777,BK_66912,PayPal,IT,Success,184.136.208.238
TR_342809,BK_52687,Bank Transfer,UK,Success,99.60.210.210
TR_587330,BK_56050,PayPal,IT,Success,167.68.216.162
TR_213054,BK_60250,Bank Transfer,IT,Success,216.31.90.255
TR_580298,BK_36102,Bank Transfer,IT,Success,129.232.15.97
TR_430240,BK_38350,Credit Card,IT,Success,207.43.142.55
TR_750715,BK_23455,PayPal,IT,Success,104.1.1.176
TR_172706,BK_20691,PayPal,DE,Success,177.245.58.207
TR_658888,BK_35022,Credit Card,IT,Success,131.241.81.12
TR_830640,BK_86542,PayPal,IT,Success,206.96.184.108
TR_882583,BK_85305,Credit Card,IT,Success,167.165.120.183
TR_294168,BK_21743,PayPal,IT,Success,182.195.50.54
TR_767528,BK_66488,Credit Card,IT,Success,43.134.243.227
TR_158397,BK_32032,Credit Card,IT,Success,85.255.227.219
TR_918586,BK_77298,Bank Transfer,DE,Success,29.29.169.33
TR_516629,BK_59091,Bank Transfer,IT,Success,163.230.60.131
TR_414258,BK_93326,PayPal,FR,Success,154.173.207.47
TR_736526,BK_27202,Bank Transfer,DE,Success,144.210.202.230
TR_172019,BK_69517,Credit Card,IT,Success,166.241.101.156
TR_823317,BK_66629,Credit Card,IT,Success,69.36.60.52
TR_287548,BK_24690,Bank Transfer,IT,Success,167.194.148.173
TR_683943,BK_51327,Bank Transfer,DE,Success,105.244.198.82
TR_818655,BK_63525,PayPal,IT,Success,97.128.143.35
TR_472000,BK_46625,Credit Card,IT,Success,32.62.236.187
TR_234752,BK_46039,Credit Card,DE,Success,28.93.166.247
TR_815599,BK_27689,PayPal,IT,Success,84.39.66.185
TR_571109,BK_86555,Credit Card,IT,Success,4.188.99.55
TR_778870,BK_24494,Credit Card,RU,Success,142.85.216.225
TR_873194,BK_54593,Credit Card,DE,Success,72.35.20.96
TR_306144,BK_38497,Bank Transfer,IT,Success,94.130.123.93
TR_413347,BK_50219,PayPal,IT,Success,16.93.137.1
TR_787061,BK_11902,Bank Transfer,IT,Success,116.106.74.63
TR_321136,BK_81810,Bank Transfer,IT,Success,133.123.101.18
TR_460707,BK_49424,PayPal,US,Success,62.132.142.38
TR_922640,BK_67049,Bank Transfer,IT,Success,183.247.44.92
TR_400574,BK_18887,Bank Transfer,IT,Success,68.52.22.249
TR_766772,BK_22705,Bank Transfer,IT,Success,56.53.193.65
TR_160000,BK_13893,Credit Card,FR,Success,72.230.164.71
TR_958189,BK_91762,Credit Card,IT,Success,184.218.61.131
TR_735271,BK_16895,Bank Transfer,UK,Success,143.246.26.142
TR_727980,BK_72334,Credit Card,IT,Success,117.118.72.118
TR_468835,BK_44530,Bank Transfer,DE,Success,32.185.184.62
TR_603729,BK_75612,PayPal,IT,Success,193.64.208.167
TR_190115,BK_43928,Credit Card,IT,Success,102.152.217.128
TR_549505,BK_39536,PayPal,IT,Success,221.60.159.159
TR_474243,BK_97660,Credit Card,DE,Success,94.71.187.226
TR_164309,BK_84848,Credit Card,IT,Success,183.222.152.144
TR_343801,BK_46263,Bank Transfer,IT,Success,187.131.53.99
TR_896279,BK_63924,Credit Card,US,Success,2.117.231.148
TR_468030,BK_77061,Bank Transfer,RU,Success,42.149.160.13
TR_271740,BK_92690,Credit Card,IT,Success,170.176.45.210
TR_209017,BK_91224,Bank Transfer,IT,Success,88.185.128.14
TR_723237,BK_50301,Bank Transfer,IT,Success,173.26.192.153
TR_372026,BK_92591,Bank Transfer,IT,Success,143.121.220.16
TR_124834,BK_79482,PayPal,IT,Success,93.117.126.120
TR_667107,BK_13707,PayPal,IT,Success,34.245.192.152
TR_807495,BK_78130,Bank Transfer,IT,Success,78.47.79.248
TR_987419,BK_54034,Credit Card,IT,Success,205.26.55.110
TR_133850,BK_53068,Credit Card,IT,Success,206.90.89.139
TR_398922,BK_26766,PayPal,IT,Success,67.202.213.249
TR_960060,BK_44397,Credit Card,IT,Success,55.198.179.240
TR_982018,BK_12051,PayPal,IT,Success,125.35.223.60
TR_511406,BK_19217,PayPal,DE,Success,155.192.130.177
TR_371709,BK_66434,Credit Card,IT,Success,73.108.133.254
TR_486769,BK_36824,Credit Card,IT,Success,111.115.187.167
TR_894731,BK_13388,Bank Transfer,IT,Success,164.255.85.113
TR_177526,BK_36517,PayPal,IT,Success,176.135.222.196
TR_703355,BK_42907,Credit Card,DE,Success,200.196.75.9
TR_934740,BK_10734,Credit Card,RU,Success,153.203.44.23
TR_589484,BK_76633,Credit Card,UK,Success,161.83.3.32
TR_437482,BK_25600,Bank Transfer,DE,Success,186.101.139.183
TR_941283,BK_41690,Credit Card,US,Success,204.96.49.36
TR_512126,BK_83345,PayPal,IT,Success,153.5.162.222
TR_842197,BK_58351,Bank Transfer,IT,Success,161.159.239.224
TR_786606,BK_34339,PayPal,IT,Success,98.244.27.55
TR_293202,BK_68693,Credit Card,US,Success,166.72.29.93
TR_423835,BK_95881,Credit Card,IT,Success,56.0.152.28
TR_849734,BK_65177,PayPal,IT,Success,179.100.125.234
TR_207198,BK_14043,Bank Transfer,IT,Success,175.41.45.203
TR_272137,BK_16884,Credit Card,IT,Success,72.235.174.176
TR_804573,BK_97405,Credit Card,IT,Success,191.142.43.197
TR_897415,BK_47701,PayPal,IT,Success,103.153.4.85
TR_343809,BK_44624,Credit Card,DE,Success,10.244.66.245
TR_935460,BK_89909,PayPal,UK,Success,161.165.181.138
TR_707786,BK_27294,Credit Card,DE,Success,52.56.184.29
TR_107056,BK_36524,Credit Card,IT,Success,6.64.117.18
TR_508507,BK_14661,Bank Transfer,IT,Success,71.191.20.52
TR_534682,BK_39705,PayPal,IT,Success,25.51.96.47
TR_770498,BK_29788,Credit Card,IT,Success,82.39.44.85
TR_636075,BK_43680,PayPal,IT,Success,123.155.10.9
TR_182478,BK_38102,Bank Transfer,DE,Success,32.255.96.7
TR_972171,BK_14029,PayPal,RU,Success,222.148.132.146
TR_515335,BK_50986,Credit Card,IT,Success,57.54.135.135
TR_415397,BK_22200,Bank Transfer,DE,Success,70.228.192.221
TR_568312,BK_82501,PayPal,RU,Failed,200.213.193.67
TR_480088,BK_65794,Bank Transfer,IT,Success,37.8.192.206
TR_739057,BK_69908,Credit Card,IT,Success,80.52.112.150
TR_892860,BK_77371,Credit Card,DE,Success,43.245.226.125
TR_131724,BK_11731,PayPal,IT,Success,200.103.182.237
TR_625477,BK_87876,Bank Transfer,RU,Failed,55.186.9.124
TR_876503,BK_31422,Bank Transfer,DE,Success,51.170.115.12
TR_845455,BK_50009,Bank Transfer,IT,Success,208.98.208.211
TR_462193,BK_50257,Credit Card,IT,Success,24.53.173.148
TR_760013,BK_37313,PayPal,IT,Success,189.192.88.190
TR_321825,BK_71554,Bank Transfer,IT,Success,96.61.185.9
TR_676723,BK_69433,PayPal,IT,Success,177.249.199.123
TR_271617,BK_28270,Credit Card,IT,Success,25.219.91.81
TR_694827,BK_41349,PayPal,IT,Failed,146.71.90.171
TR_472281,BK_27255,Bank Transfer,IT,Success,200.120.138.163
TR_416462,BK_86963,PayPal,RU,Success,83.44.182.43
TR_686087,BK_80213,Bank Transfer,IT,Success,142.157.219.106
TR_708152,BK_15602,PayPal,IT,Success,140.211.175.213
TR_164841,BK_92847,Bank Transfer,IT,Success,93.44.135.24
TR_741804,BK_47391,PayPal,FR,Success,148.31.204.221
TR_155738,BK_40255,PayPal,DE,Success,78.224.162.222
TR_764919,BK_59199,Bank Transfer,DE,Success,61.172.85.220
TR_721624,BK_45996,Credit Card,IT,Success,161.71.65.112
TR_516326,BK_98217,PayPal,IT,Success,109.64.146.146
TR_388671,BK_79846,PayPal,FR,Success,70.218.168.53
TR_906504,BK_26280,PayPal,RU,Success,131.102.198.186
TR_813342,BK_81082,Credit Card,DE,Success,124.189.92.193
TR_131189,BK_30573,Credit Card,IT,Success,82.237.173.242
TR_304969,BK_40525,PayPal,IT,Success,142.229.20.152
TR_870084,BK_24791,Credit Card,IT,Success,38.203.104.160
TR_582271,BK_47816,PayPal,FR,Success,54.142.192.203
TR_146623,BK_41051,Bank Transfer,FR,Success,113.240.221.151
TR_860246,BK_17585,Credit Card,IT,Success,211.76.105.175
TR_796146,BK_36564,Bank Transfer,IT,Success,204.46.76.181
TR_303469,BK_98296,PayPal,IT,Failed,60.194.15.3
TR_770698,BK_21737,Credit Card,DE,Success,70.130.34.190
TR_278101,BK_86117,PayPal,IT,Success,90.57.42.255
TR_815059,BK_35757,PayPal,IT,Success,97.48.172.9
TR_728455,BK_94632,PayPal,DE,Success,94.160.84.167
TR_262899,BK_56096,Credit Card,FR,Success,66.101.202.111
TR_876566,BK_68228,Credit Card,IT,Success,184.31.147.172
TR_442875,BK_55586,Credit Card,IT,Success,207.151.229.121
TR_858285,BK_50187,PayPal,IT,Success,34.97.153.137
TR_730749,BK_68017,Credit Card,IT,Success,4.116.156.111
TR_385089,BK_95840,Bank Transfer,IT,Success,14.11.248.4
TR_515619,BK_76320,Credit Card,DE,Success,15.241.117.25
TR_886613,BK_64086,PayPal,IT,Success,197.217.77.233
TR_721159,BK_48905,PayPal,IT,Success,33.180.153.82
TR_196085,BK_92701,Credit Card,UK,Success,62.40.128.156
TR_531052,BK_82332,Credit Card,IT,Success,65.240.27.149
TR_143818,BK_58632,PayPal,IT,Success,198.183.154.107
TR_716951,BK_99419,PayPal,IT,Success,160.221.133.233
TR_380629,BK_79376,Bank Transfer,IT,Success,19.35.5.171
TR_704440,BK_58400,PayPal,FR,Success,147.142.129.101
TR_103640,BK_35796,PayPal,IT,Success,136.253.165.139
TR_233210,BK_89766,Credit Card,IT,Success,75.182.252.18
TR_653228,BK_49129,Credit Card,IT,Success,134.99.138.134
TR_884085,BK_48508,PayPal,IT,Success,202.183.44.111
TR_670103,BK_50585,Credit Card,IT,Success,7.28.245.238
TR_669358,BK_14849,Credit Card,UK,Success,31.238.184.140
TR_948144,BK_96580,PayPal,IT,Success,206.17.61.133
TR_294216,BK_84304,PayPal,IT,Success,164.45.42.175
TR_888934,BK_49183,Credit Card,IT,Success,208.127.245.119
TR_712305,BK_75554,Bank Transfer,IT,Success,72.21.175.227
TR_225858,BK_14621,PayPal,RU,Chargeback,214.224.7.153
TR_384703,BK_23660,Bank Transfer,DE,Success,162.105.9.181
TR_211768,BK_55729,Credit Card,IT,Success,5.247.239.148
TR_801614,BK_31821,Credit Card,IT,Success,178.214.94.115
TR_746871,BK_35691,PayPal,IT,Success,33.224.16.131
TR_410725,BK_41510,Bank Transfer,IT,Success,159.118.4.98
TR_935663,BK_80076,Bank Transfer,IT,Success,185.94.6.11
TR_472599,BK_58060,Bank Transfer,RU,Success,118.153.102.128
TR_868895,BK_80417,Credit Card,IT,Success,29.44.6.165
TR_158392,BK_59543,Credit Card,IT,Success,68.174.102.113
TR_900370,BK_21348,Bank Transfer,RU,Success,190.21.201.128
TR_410819,BK_96771,Bank Transfer,IT,Success,214.18.221.162
TR_959732,BK_39421,PayPal,IT,Success,4.191.79.130
TR_258057,BK_54085,Credit Card,IT,Success,24.100.95.57
TR_621152,BK_70602,PayPal,IT,Success,16.18.145.42
TR_574213,BK_15372,Bank Transfer,UK,Success,152.181.179.154
TR_362230,BK_22348,Bank Transfer,IT,Success,10.237.186.134
TR_599613,BK_96293,PayPal,IT,Success,132.198.82.49
TR_303735,BK_21558,Bank Transfer,US,Success,191.91.5.4
TR_601157,BK_49853,Credit Card,IT,Success,222.99.151.85
TR_399894,BK_73402,Credit Card,IT,Success,202.96.248.229
TR_271959,BK_32136,PayPal,IT,Success,20.38.171.145
TR_633794,BK_41125,Credit Card,IT,Success,8.128.184.231
TR_650465,BK_86916,Credit Card,DE,Success,50.59.1.101
TR_504230,BK_78817,Credit Card,FR,Success,218.136.217.146
TR_730661,BK_61703,PayPal,IT,Failed,190.44.27.166
TR_351641,BK_67601,Bank Transfer,IT,Failed,64.230.103.219
TR_273912,BK_48341,Credit Card,FR,Success,49.183.139.250
TR_528722,BK_69902,PayPal,IT,Success,6.31.84.170
TR_589236,BK_28082,Credit Card,IT,Success,48.240.139.255
TR_136150,BK_95554,Credit Card,FR,Success,216.155.21.39
TR_344626,BK_28062,PayPal,IT,Success,62.184.22.136
TR_330704,BK_49132,PayPal,IT,Success,7.239.213.43
TR_695536,BK_67416,PayPal,IT,Success,190.173.254.19
TR_132433,BK_92290,Bank Transfer,DE,Success,135.133.207.175
TR_215164,BK_79990,Credit Card,IT,Success,116.30.173.47
TR_739438,BK_53568,Credit Card,IT,Success,215.214.10.242
TR_445032,BK_69250,Credit Card,IT,Success,71.87.238.93
TR_751630,BK_94208,Bank Transfer,DE,Success,92.9.39.232
TR_786685,BK_33372,Bank Transfer,DE,Success,135.227.61.239
TR_929912,BK_35991,PayPal,IT,Success,108.199.190.225
TR_666052,BK_70811,Bank Transfer,RU,Success,137.2.114.90
TR_728491,BK_99268,Credit Card,IT,Success,119.242.57.217
TR_445754,BK_93066,PayPal,UK,Success,70.80.80.1
TR_815624,BK_33133,Bank Transfer,IT,Success,56.83.250.245
TR_554586,BK_46206,Bank Transfer,IT,Success,104.58.56.48
TR_621759,BK_14291,Bank Transfer,US,Success,177.215.29.6
TR_218236,BK_52804,Bank Transfer,IT,Success,55.225.235.1
TR_142694,BK_35414,PayPal,IT,Success,93.68.41.150
TR_779158,BK_36101,Bank Transfer,DE,Success,15.156.241.215
TR_867657,BK_43746,Bank Transfer,DE,Success,96.88.104.4
TR_126438,BK_73475,PayPal,IT,Success,30.139.123.59
TR_224503,BK_26268,Credit Card,DE,Success,203.81.105.252
TR_694549,BK_35639,Credit Card,IT,Success,48.98.17.1
TR_934908,BK_29898,Credit Card,DE,Success,213.240.230.157
TR_133653,BK_13980,Bank Transfer,DE,Success,77.90.21.152
TR_465225,BK_92031,Bank Transfer,IT,Success,118.19.231.240
TR_616694,BK_25221,PayPal,IT,Success,26.35.158.140
TR_428079,BK_45757,Bank Transfer,US,Success,170.39.91.33
TR_697607,BK_77004,Bank Transfer,IT,Success,160.9.221.245
TR_739414,BK_56006,PayPal,IT,Success,70.247.106.173
TR_993103,BK_32430,Credit Card,DE,Success,91.160.121.97
TR_667843,BK_32744,Bank Transfer,DE,Success,215.73.242.95
TR_957977,BK_93636,Bank Transfer,US,Success,18.242.151.17
TR_842412,BK_77966,Bank Transfer,IT,Success,88.158.42.180
TR_396505,BK_85611,PayPal,US,Success,170.206.20.61
TR_229974,BK_40972,PayPal,IT,Success,157.79.94.174
TR_824895,BK_33151,Bank Transfer,IT,Success,18.126.127.76
TR_239708,BK_53856,Credit Card,US,Chargeback,133.250.139.162
TR_385859,BK_92935,Credit Card,DE,Success,31.151.159.49
TR_745773,BK_73756,PayPal,FR,Success,173.50.75.189
TR_861588,BK_26029,Credit Card,IT,Success,8.119.62.2
TR_812451,BK_58046,PayPal,US,Success,105.19.19.173
TR_709222,BK_65375,Bank Transfer,IT,Success,207.38.222.60
TR_887552,BK_65517,Bank Transfer,IT,Success,217.239.102.223
TR_256344,BK_21373,Bank Transfer,IT,Success,187.211.225.180
TR_839602,BK_21120,Credit Card,DE,Success,132.133.52.151
TR_527784,BK_97446,Bank Transfer,DE,Success,32.190.105.253
TR_970955,BK_79301,Bank Transfer,US,Success,93.68.25.0
TR_530814,BK_41404,Bank Transfer,IT,Success,174.215.127.202
TR_625331,BK_73292,PayPal,RU,Success,105.223.75.199
TR_823776,BK_85540,Bank Transfer,IT,Success,190.163.208.25
TR_125934,BK_97319,Credit Card,IT,Success,200.28.87.127
TR_215515,BK_66228,PayPal,IT,Success,195.1.97.30
TR_209223,BK_29159,PayPal,IT,Success,151.130.252.84
TR_227598,BK_86386,Bank Transfer,IT,Success,44.36.169.187
TR_290579,BK_61168,Credit Card,IT,Success,195.154.25.1
TR_363358,BK_46746,Bank Transfer,IT,Success,160.110.239.0
TR_357439,BK_52436,Credit Card,IT,Success,73.202.8.56
TR_111126,BK_63719,PayPal,IT,Success,115.235.87.101
TR_555824,BK_59789,Bank Transfer,IT,Success,177.241.194.7
TR_957591,BK_57215,PayPal,IT,Success,156.197.137.70
TR_628214,BK_52026,PayPal,IT,Success,101.94.4.184
TR_994129,BK_63883,Credit Card,IT,Success,220.65.81.16
TR_597962,BK_41303,Bank Transfer,IT,Success,97.232.15.25
TR_570650,BK_51720,PayPal,IT,Success,125.17.238.27
TR_374853,BK_73310,PayPal,DE,Success,72.160.79.46
TR_632210,BK_70733,Bank Transfer,IT,Success,25.125.102.21
TR_232450,BK_45942,Credit Card,IT,Success,140.105.78.182
TR_834981,BK_54097,Bank Transfer,IT,Success,186.46.255.154
TR_804678,BK_47233,PayPal,US,Success,21.36.65.187
TR_894835,BK_51422,Bank Transfer,IT,Success,197.37.227.41
TR_971800,BK_30160,PayPal,IT,Success,132.132.109.53
TR_643389,BK_57244,PayPal,IT,Success,214.131.17.29
TR_149273,BK_25598,Bank Transfer,IT,Success,70.162.253.103
TR_338527,BK_75759,Bank Transfer,IT,Success,7.82.115.79
TR_910824,BK_19571,Bank Transfer,US,Success,120.33.207.241
TR_232755,BK_79230,Credit Card,IT,Success,33.46.122.75
TR_395401,BK_87392,Bank Transfer,IT,Success,84.72.25.211
TR_314315,BK_74090,PayPal,DE,Success,185.205.122.44
TR_751370,BK_42727,Credit Card,RU,Success,60.122.170.243
TR_124289,BK_83792,Bank Transfer,DE,Success,175.42.119.18
TR_595885,BK_88198,PayPal,IT,Success,11.17.250.116
TR_107422,BK_26014,Credit Card,IT,Success,174.188.90.171
TR_722416,BK_27735,Bank Transfer,RU,Success,218.32.45.243
TR_660860,BK_77152,Credit Card,IT,Success,181.127.68.2
TR_598265,BK_52810,Bank Transfer,DE,Success,79.165.234.67
TR_179919,BK_95865,Bank Transfer,IT,Success,169.221.97.82
TR_427403,BK_64309,PayPal,DE,Success,133.157.171.19
TR_159182,BK_58430,Credit Card,IT,Success,221.139.149.248
TR_426013,BK_44105,Bank Transfer,DE,Success,28.1.156.107
TR_133893,BK_93914,Credit Card,IT,Success,160.133.188.119
TR_990428,BK_57536,Bank Transfer,IT,Success,56.187.28.81
TR_276681,BK_55595,PayPal,DE,Success,134.68.181.218
TR_741765,BK_58598,PayPal,IT,Success,99.167.127.193
TR_253415,BK_71210,PayPal,IT,Success,44.164.183.131
TR_441958,BK_58573,Credit Card,IT,Success,157.38.28.163
TR_849843,BK_92134,Bank Transfer,RU,Success,132.228.91.202
TR_831270,BK_35045,Bank Transfer,DE,Success,37.241.209.22
TR_952860,BK_55067,Credit Card,IT,Success,13.201.227.84
TR_907850,BK_27539,PayPal,IT,Success,223.224.162.31
TR_960527,BK_96000,Credit Card,DE,Success,81.24.91.130
TR_965558,BK_79249,PayPal,IT,Success,84.154.231.95
TR_742899,BK_37229,Bank Transfer,IT,Success,171.74.170.108
TR_867221,BK_87928,Credit Card,IT,Success,110.142.48.38
TR_736695,BK_69305,Bank Transfer,DE,Success,158.94.93.207
TR_556035,BK_43197,PayPal,US,Success,149.246.53.43
TR_845243,BK_80432,Bank Transfer,RU,Success,161.121.78.254
TR_724559,BK_38718,Credit Card,IT,Success,39.78.0.179
TR_839876,BK_56128,PayPal,FR,Success,97.141.84.83
TR_690112,BK_42010,Bank Transfer,IT,Success,117.221.161.228
TR_744482,BK_74483,Bank Transfer,IT,Success,151.150.82.136
TR_315472,BK_40086,Bank Transfer,IT,Success,156.172.139.232
TR_110773,BK_39826,Bank Transfer,IT,Success,151.18.244.92
TR_153231,BK_50737,Bank Transfer,IT,Success,22.138.182.43
TR_189243,BK_16426,PayPal,IT,Success,100.191.18.232
TR_888508,BK_66546,Bank Transfer,FR,Success,69.110.150.179
TR_164854,BK_42922,Bank Transfer,IT,Success,217.35.173.144
TR_893588,BK_57748,Bank Transfer,DE,Success,195.223.184.43
TR_918746,BK_34678,Credit Card,IT,Success,211.77.93.48
TR_773651,BK_43679,Credit Card,IT,Success,16.128.206.239
TR_483377,BK_43335,Bank Transfer,IT,Success,5.251.128.154
TR_212943,BK_42386,PayPal,IT,Success,67.116.116.240
TR_211830,BK_42247,Bank Transfer,RU,Success,82.30.102.22
TR_619820,BK_78097,Credit Card,IT,Success,53.102.89.194
TR_420523,BK_57836,Credit Card,DE,Success,72.249.186.5
TR_668091,BK_73800,Credit Card,IT,Success,177.73.223.202
TR_234824,BK_86531,Credit Card,IT,Success,51.65.87.58
TR_811738,BK_28086,Bank Transfer,IT,Success,54.109.76.219
TR_148478,BK_59859,PayPal,IT,Success,131.88.32.241
TR_587981,BK_55663,PayPal,US,Success,30.142.42.86
TR_994097,BK_13839,Credit Card,IT,Success,55.102.231.115
TR_306554,BK_80684,PayPal,IT,Success,103.209.6.70
TR_504324,BK_18082,Bank Transfer,UK,Success,144.46.18.62
TR_727498,BK_50065,Credit Card,IT,Success,29.62.168.36
TR_356751,BK_27769,Bank Transfer,FR,Success,160.35.7.240
TR_768102,BK_39746,PayPal,IT,Success,175.169.129.200
TR_418193,BK_18221,Credit Card,US,Success,109.110.10.191
TR_740606,BK_24545,Bank Transfer,IT,Success,69.164.103.176
TR_275751,BK_95348,PayPal,IT,Success,54.203.207.92
TR_900576,BK_82731,PayPal,IT,Success,211.163.186.128
TR_519913,BK_97314,Bank Transfer,IT,Success,78.28.239.8
TR_179630,BK_44880,PayPal,DE,Success,172.118.172.245
TR_131880,BK_96632,Credit Card,DE,Success,194.16.63.244
TR_401430,BK_95729,Credit Card,US,Success,29.109.107.102
TR_502593,BK_65958,Bank Transfer,IT,Success,75.90.28.241
TR_179802,BK_83786,PayPal,IT,Success,185.132.79.32
TR_637089,BK_80949,Bank Transfer,IT,Success,76.91.193.151
TR_596076,BK_21971,Bank Transfer,RU,Success,19.249.148.101
TR_806226,BK_22512,Credit Card,IT,Success,53.124.149.220
TR_580280,BK_99371,PayPal,IT,Success,118.168.158.41
TR_561517,BK_90348,PayPal,DE,Success,122.222.146.217
TR_859060,BK_41312,PayPal,FR,Success,172.32.187.33
TR_169244,BK_35195,Credit Card,IT,Success,220.58.149.148
TR_496762,BK_82387,Bank Transfer,IT,Success,163.243.255.120
TR_470964,BK_26498,PayPal,IT,Success,196.249.21.4
TR_794104,BK_58041,Credit Card,IT,Success,170.42.148.119
TR_153531,BK_63571,Bank Transfer,IT,Success,158.49.231.87
TR_820535,BK_52225,PayPal,IT,Success,179.118.182.148
TR_140668,BK_12200,PayPal,US,Success,21.172.204.54
TR_759882,BK_52987,Credit Card,RU,Failed,166.182.21.249
TR_716175,BK_14764,Bank Transfer,IT,Success,116.14.10.74
TR_802259,BK_19233,Credit Card,IT,Success,133.94.134.34
TR_400290,BK_56328,PayPal,IT,Success,206.188.126.152
TR_525341,BK_41324,Bank Transfer,IT,Success,158.238.99.150
TR_668449,BK_88425,Bank Transfer,IT,Success,69.59.84.205
TR_179959,BK_50358,Credit Card,FR,Success,156.135.178.154
TR_847440,BK_50498,Credit Card,FR,Success,122.9.90.67
TR_987249,BK_26727,PayPal,IT,Success,69.18.11.102
TR_696963,BK_77624,Credit Card,IT,Success,126.61.150.232
TR_543039,BK_69255,Credit Card,IT,Success,15.116.17.79
TR_911414,BK_74003,Credit Card,IT,Success,181.177.47.128
TR_183592,BK_65874,Bank Transfer,IT,Success,209.198.25.44
TR_622157,BK_35605,Credit Card,DE,Success,12.216.99.34
TR_837140,BK_82073,PayPal,IT,Success,15.249.92.174
TR_477661,BK_76597,Credit Card,IT,Success,28.224.176.21
TR_867984,BK_86047,Credit Card,UK,Success,111.247.245.202
TR_212901,BK_28751,Credit Card,DE,Success,171.128.7.127
TR_511171,BK_72708,Credit Card,IT,Success,193.35.124.109
TR_967193,BK_88002,Bank Transfer,IT,Success,51.128.236.69
TR_202824,BK_87274,Bank Transfer,RU,Success,171.108.159.84
TR_613305,BK_49951,PayPal,IT,Success,112.252.253.26
TR_167225,BK_79330,Bank Transfer,DE,Success,183.78.189.35
TR_635807,BK_20431,Bank Transfer,IT,Success,203.196.58.42
TR_211193,BK_53901,Credit Card,IT,Success,142.98.206.239
TR_871100,BK_38357,PayPal,DE,Success,79.175.36.93
TR_772462,BK_86432,PayPal,UK,Success,101.73.6.183
TR_333168,BK_52406,PayPal,IT,Success,152.1.186.132
TR_417019,BK_34217,Bank Transfer,RU,Success,119.167.132.135
TR_187591,BK_56649,Bank Transfer,RU,Success,130.6.49.200
TR_249027,BK_92488,Bank Transfer,IT,Success,2.202.0.193
TR_393917,BK_96531,PayPal,IT,Success,206.73.5.154
TR_619313,BK_32350,PayPal,IT,Failed,125.36.81.57
TR_234577,BK_38218,Bank Transfer,DE,Success,154.249.210.205
TR_327804,BK_59956,PayPal,IT,Success,25.83.42.5
TR_795651,BK_14968,Credit Card,FR,Success,158.239.5.137
TR_171518,BK_81669,PayPal,IT,Success,166.203.218.106
TR_225320,BK_52706,Bank Transfer,RU,Success,30.14.221.43
TR_620579,BK_83967,Bank Transfer,DE,Success,11.252.169.30
TR_341435,BK_57659,Bank Transfer,DE,Success,181.163.98.172
TR_143208,BK_40502,Bank Transfer,IT,Success,25.95.227.98
TR_152199,BK_18813,PayPal,IT,Success,65.78.183.103
TR_743273,BK_92583,PayPal,IT,Success,105.155.249.31
TR_453581,BK_38588,Credit Card,IT,Success,80.218.192.15
TR_106957,BK_91914,Bank Transfer,FR,Success,130.24.3.216
TR_747230,BK_90077,Bank Transfer,IT,Success,161.18.190.77
TR_557569,BK_86618,PayPal,IT,Success,14.105.102.10
TR_302107,BK_65333,Bank Transfer,IT,Success,106.230.43.238
TR_523636,BK_50075,PayPal,DE,Success,66.191.116.183
TR_191752,BK_64836,Bank Transfer,UK,Success,48.172.195.251
TR_746641,BK_91591,Credit Card,RU,Success,99.238.142.196
TR_462569,BK_67962,Credit Card,IT,Success,194.228.65.97
TR_944545,BK_42824,Bank Transfer,IT,Success,6.61.83.137
TR_618014,BK_82539,Bank Transfer,IT,Success,56.22.142.216
TR_237623,BK_72546,Bank Transfer,DE,Success,223.175.83.91
TR_961484,BK_57884,Credit Card,IT,Success,102.249.61.40
TR_526816,BK_16211,Credit Card,US,Success,63.63.217.76
TR_773002,BK_47957,PayPal,DE,Success,85.152.113.137
TR_346002,BK_68282,PayPal,IT,Success,126.74.10.95
TR_582893,BK_64304,Bank Transfer,US,Success,111.36.31.19
TR_213503,BK_34554,PayPal,DE,Success,71.76.118.199
TR_135251,BK_81452,Credit Card,DE,Success,179.173.18.187
TR_665436,BK_73346,Bank Transfer,US,Success,8.46.136.153
TR_306941,BK_48507,Credit Card,IT,Success,199.245.170.34
TR_449504,BK_83494,PayPal,UK,Success,216.230.4.67
TR_473580,BK_13815,PayPal,IT,Success,183.93.133.37
TR_359780,BK_32937,Credit Card,IT,Success,164.100.238.105
TR_334885,BK_17979,Credit Card,IT,Success,77.176.151.28
TR_334708,BK_33422,Bank Transfer,IT,Success,18.183.44.8
TR_134259,BK_32435,Credit Card,RU,Success,113.208.35.159
TR_990316,BK_44888,Credit Card,IT,Success,93.146.156.109
TR_237654,BK_69618,Credit Card,IT,Success,217.197.12.21
TR_105064,BK_46013,PayPal,IT,Success,166.170.154.139
TR_585158,BK_67088,Bank Transfer,IT,Success,64.181.109.159
TR_401982,BK_18023,PayPal,RU,Chargeback,154.99.233.149
TR_741793,BK_24598,Credit Card,IT,Success,220.180.76.226
TR_476487,BK_65336,PayPal,FR,Success,23.241.150.60
TR_412658,BK_15933,PayPal,IT,Success,188.110.30.240
TR_706886,BK_65357,Bank Transfer,IT,Success,124.68.188.151
TR_729945,BK_70616,PayPal,IT,Success,106.156.181.33
TR_325891,BK_32718,PayPal,IT,Success,221.38.90.133
TR_841084,BK_51537,PayPal,DE,Success,171.29.247.149
TR_392787,BK_16738,PayPal,IT,Success,102.7.90.143
TR_704620,BK_98754,PayPal,IT,Success,26.103.203.171
TR_639022,BK_47786,Bank Transfer,IT,Success,150.126.119.9
TR_321835,BK_30262,Credit Card,FR,Success,109.73.185.1
TR_834652,BK_22036,Credit Card,RU,Success,136.229.179.41
TR_927166,BK_98008,PayPal,RU,Success,39.23.184.250
TR_661314,BK_51248,PayPal,RU,Success,152.19.253.50
TR_779537,BK_71133,Bank Transfer,IT,Success,218.81.50.146
TR_965809,BK_18179,PayPal,IT,Success,199.6.36.71
TR_717841,BK_57806,Credit Card,IT,Success,37.3.163.173
TR_479750,BK_48395,PayPal,IT,Success,103.235.6.76
TR_543480,BK_28391,Credit Card,US,Success,178.192.59.168
TR_629746,BK_52190,PayPal,DE,Success,50.113.147.191
TR_926809,BK_82563,Credit Card,FR,Success,176.130.46.29
TR_397895,BK_80747,Credit Card,US,Success,36.40.45.151
TR_321772,BK_89784,Bank Transfer,IT,Success,117.140.209.212
TR_419366,BK_53278,PayPal,IT,Success,175.2.125.97
TR_441237,BK_78153,PayPal,IT,Success,146.119.51.45
TR_351087,BK_20915,Credit Card,FR,Failed,192.250.42.239
TR_860109,BK_68801,Bank Transfer,IT,Success,145.120.166.125
TR_881825,BK_13729,Bank Transfer,DE,Success,111.246.171.199
TR_562270,BK_87046,Credit Card,IT,Success,38.209.87.50
TR_460601,BK_36434,Credit Card,DE,Success,61.60.22.233
TR_428070,BK_60344,PayPal,IT,Success,36.248.126.104
TR_615945,BK_43888,PayPal,IT,Failed,142.112.32.202
TR_220611,BK_42899,PayPal,FR,Success,206.55.210.74
TR_582417,BK_36638,Bank Transfer,DE,Success,113.191.102.199
TR_678615,BK_87370,Credit Card,IT,Success,206.130.94.85
TR_141354,BK_99241,PayPal,IT,Success,179.192.65.154
TR_824493,BK_68064,PayPal,RU,Success,70.238.26.194
TR_716447,BK_60053,Credit Card,IT,Success,43.62.192.63
TR_806592,BK_30633,Bank Transfer,IT,Success,212.232.74.75
TR_133412,BK_69398,PayPal,IT,Success,191.127.159.117
TR_914909,BK_95116,Credit Card,IT,Success,194.78.178.254
TR_929963,BK_98175,Credit Card,US,Success,180.56.201.184
TR_290876,BK_75306,PayPal,DE,Success,106.12.160.71
TR_291682,BK_90950,PayPal,IT,Success,121.237.123.96
TR_711286,BK_71473,Credit Card,IT,Success,159.238.221.55
TR_685712,BK_47467,Bank Transfer,IT,Success,96.155.141.26
TR_968308,BK_35276,PayPal,IT,Success,125.192.249.161
TR_369500,BK_17047,PayPal,IT,Success,73.223.176.14
TR_334141,BK_35458,Credit Card,DE,Success,193.48.72.252
TR_621250,BK_54200,Credit Card,IT,Success,191.8.228.81
TR_812977,BK_88477,PayPal,IT,Success,63.146.4.197
TR_970718,BK_59481,Bank Transfer,IT,Success,151.216.31.163
TR_215050,BK_33476,Credit Card,DE,Success,212.198.130.244
TR_687305,BK_22038,PayPal,IT,Failed,137.135.15.164
TR_177829,BK_83051,Credit Card,FR,Success,113.108.128.92
TR_207553,BK_63119,Bank Transfer,IT,Success,38.57.242.25
TR_768999,BK_28091,PayPal,IT,Success,145.234.226.211
TR_663016,BK_79182,Credit Card,FR,Success,124.18.129.78
TR_202183,BK_30268,PayPal,FR,Success,32.183.222.49
TR_714272,BK_70362,PayPal,IT,Success,184.52.217.171
TR_227597,BK_57146,Credit Card,IT,Success,2.26.230.251
TR_708641,BK_55212,Credit Card,DE,Success,209.203.179.211
TR_845459,BK_25571,Bank Transfer,IT,Success,8.171.134.243
TR_475170,BK_18524,Bank Transfer,IT,Success,221.217.174.219
TR_653143,BK_10969,Bank Transfer,IT,Success,142.86.72.89
TR_295429,BK_35650,PayPal,IT,Success,155.8.29.94
TR_510458,BK_62507,Bank Transfer,IT,Success,135.199.90.156
TR_117638,BK_12244,PayPal,US,Success,168.1.144.174
TR_919217,BK_82494,PayPal,IT,Success,170.95.105.109
TR_124436,BK_42086,Credit Card,IT,Success,67.47.232.105
TR_962852,BK_10826,Bank Transfer,UK,Success,138.166.115.242
TR_721067,BK_38273,Credit Card,DE,Success,87.42.45.83
TR_931670,BK_71266,Credit Card,RU,Success,112.21.165.36
TR_332867,BK_73656,Bank Transfer,FR,Success,20.187.217.163
TR_775033,BK_48660,PayPal,UK,Success,213.168.7.10
TR_263941,BK_90371,Credit Card,IT,Success,163.136.9.94
TR_487878,BK_41810,Bank Transfer,IT,Success,17.192.26.211
TR_173687,BK_79147,PayPal,IT,Success,41.115.220.7
TR_719812,BK_59242,Bank Transfer,DE,Success,157.247.232.147
TR_387598,BK_94082,PayPal,IT,Success,121.202.69.190
TR_803927,BK_69753,Bank Transfer,US,Success,155.195.1.110
TR_514124,BK_10206,Credit Card,IT,Success,46.152.227.218
TR_131375,BK_61034,PayPal,IT,Success,68.10.75.129
TR_221389,BK_96946,Credit Card,IT,Success,17.122.21.101
TR_619421,BK_77840,Credit Card,IT,Success,95.212.141.206
TR_942791,BK_69962,PayPal,IT,Success,91.209.250.12
TR_399289,BK_11293,Credit Card,DE,Success,222.104.45.90
TR_852499,BK_74614,Credit Card,IT,Success,150.80.34.192
TR_709121,BK_48368,Bank Transfer,FR,Success,39.0.82.85
TR_593698,BK_40587,Credit Card,US,Success,206.160.6.84
TR_902985,BK_48026,Bank Transfer,IT,Success,46.38.163.157
TR_251388,BK_59533,Bank Transfer,FR,Success,169.191.244.106
TR_136159,BK_53742,Credit Card,IT,Success,157.81.215.41
TR_909362,BK_67894,Bank Transfer,IT,Success,9.251.167.6
TR_774917,BK_12962,Bank Transfer,IT,Success,42.73.242.244
TR_499203,BK_37733,PayPal,IT,Success,205.10.45.109
TR_940111,BK_75695,Credit Card,IT,Failed,89.85.81.254
TR_510854,BK_75975,PayPal,IT,Success,49.3.22.218
TR_239050,BK_78486,Credit Card,FR,Failed,150.1.60.33
TR_595252,BK_16270,Bank Transfer,US,Success,193.157.47.168
TR_708981,BK_31399,PayPal,IT,Success,18.252.177.104
TR_649704,BK_12372,Credit Card,DE,Success,57.130.218.186
TR_598455,BK_44961,PayPal,IT,Success,70.193.152.27
TR_106107,BK_39510,Credit Card,UK,Success,97.10.202.73
TR_738803,BK_39457,Bank Transfer,IT,Success,59.222.1.143
TR_189170,BK_23178,Credit Card,US,Success,19.176.165.223
TR_558685,BK_49336,PayPal,US,Success,115.164.190.25
TR_815175,BK_29461,Bank Transfer,IT,Success,207.151.107.181
TR_934625,BK_76612,PayPal,IT,Success,206.254.187.74
TR_993563,BK_55361,Credit Card,IT,Success,34.23.170.252
TR_764251,BK_10035,Bank Transfer,IT,Success,94.115.187.235
TR_293939,BK_94812,Credit Card,DE,Success,199.18.241.208
TR_467338,BK_20506,Bank Transfer,DE,Success,105.237.34.65
TR_406013,BK_97910,PayPal,IT,Success,13.167.1.132
TR_404873,BK_19547,Credit Card,US,Success,157.110.67.158
TR_222215,BK_69534,Credit Card,IT,Success,54.168.19.126
TR_963753,BK_89863,PayPal,IT,Success,105.108.121.96
TR_224677,BK_69102,PayPal,IT,Success,10.55.7.118
TR_202740,BK_81050,PayPal,IT,Success,99.126.200.172
TR_987978,BK_31515,Credit Card,IT,Success,75.161.110.57
TR_877666,BK_54569,Credit Card,IT,Success,99.64.188.63
TR_229254,BK_54781,Bank Transfer,IT,Success,217.126.45.57
TR_476716,BK_92886,Credit Card,IT,Success,114.204.58.31
TR_377941,BK_24179,Credit Card,IT,Success,173.181.40.145
TR_128893,BK_57953,PayPal,IT,Success,223.90.11.12
TR_507262,BK_60647,Credit Card,US,Success,113.195.246.77
TR_964570,BK_57930,PayPal,IT,Success,78.69.80.186
TR_951794,BK_40094,Credit Card,IT,Success,50.230.95.145
TR_113418,BK_21947,Bank Transfer,IT,Success,221.137.179.52
TR_353789,BK_17458,Credit Card,IT,Success,41.230.16.188
TR_608627,BK_71864,PayPal,IT,Success,130.244.199.77
TR_723831,BK_36869,Credit Card,DE,Success,121.195.197.9
TR_306422,BK_16727,Credit Card,US,Success,164.161.33.123
TR_985946,BK_31002,PayPal,IT,Success,117.29.113.235
TR_678262,BK_28943,Bank Transfer,IT,Success,217.95.85.152
TR_901126,BK_89754,Credit Card,DE,Success,180.29.184.253
TR_518354,BK_19037,PayPal,IT,Success,177.57.189.173
TR_724047,BK_63288,PayPal,IT,Success,121.140.183.101
TR_159825,BK_18048,Credit Card,IT,Success,169.6.129.206
TR_361813,BK_94210,PayPal,IT,Success,209.202.50.84
TR_472541,BK_56702,PayPal,IT,Success,207.25.104.227
TR_720914,BK_45385,PayPal,IT,Success,210.254.147.193
TR_905380,BK_17605,Bank Transfer,UK,Success,120.14.205.77
TR_735963,BK_89466,PayPal,DE,Success,136.135.62.47
TR_326414,BK_64094,Bank Transfer,IT,Success,105.31.72.164
TR_403136,BK_56160,PayPal,US,Success,50.108.132.25
TR_470866,BK_27223,Credit Card,IT,Success,221.39.24.132
TR_505758,BK_56867,Bank Transfer,IT,Success,180.229.116.238
TR_568348,BK_23464,Bank Transfer,US,Success,165.72.186.219
TR_180837,BK_89812,Credit Card,IT,Success,43.225.20.150
TR_822356,BK_49014,PayPal,IT,Failed,182.178.236.249
TR_996076,BK_58677,PayPal,IT,Success,185.211.198.252
TR_339782,BK_26388,Credit Card,IT,Success,21.47.199.83
TR_129869,BK_50619,Bank Transfer,IT,Success,28.59.186.78
TR_547232,BK_81143,PayPal,US,Success,27.11.84.164
TR_285530,BK_66338,PayPal,IT,Success,178.248.64.227
TR_670266,BK_21224,PayPal,US,Chargeback,36.98.216.75
TR_844065,BK_70629,Credit Card,DE,Success,193.109.196.84
TR_736247,BK_47846,PayPal,IT,Success,189.146.128.40
TR_860742,BK_53757,Credit Card,US,Success,187.164.163.180
TR_111276,BK_17110,Bank Transfer,IT,Success,218.223.129.58
TR_131840,BK_45386,Bank Transfer,IT,Success,44.196.53.76
TR_883331,BK_32968,Credit Card,US,Success,198.108.42.169
TR_361410,BK_32253,Credit Card,IT,Success,24.194.133.180
TR_797906,BK_97811,PayPal,IT,Success,62.50.67.215
TR_416306,BK_66155,Credit Card,IT,Success,168.124.24.124
TR_595366,BK_75643,PayPal,DE,Success,114.230.27.236
TR_436553,BK_98704,Credit Card,RU,Success,99.241.175.233
TR_168375,BK_63394,PayPal,IT,Success,26.35.11.82
TR_625723,BK_73129,PayPal,IT,Success,209.38.255.235
TR_148844,BK_60007,PayPal,IT,Success,76.102.184.212
TR_943938,BK_98057,Credit Card,IT,Success,162.223.197.95
TR_549530,BK_50394,Bank Transfer,DE,Success,74.55.191.82
TR_529932,BK_98232,Bank Transfer,IT,Success,31.108.150.72
TR_282478,BK_56893,Credit Card,RU,Success,124.72.155.147
TR_573536,BK_99506,Credit Card,IT,Success,58.80.150.92
TR_256783,BK_57225,PayPal,IT,Success,47.223.100.101
TR_530753,BK_20247,PayPal,IT,Success,34.208.205.60
TR_737645,BK_79961,PayPal,DE,Success,128.114.8.222
TR_648700,BK_57339,Credit Card,DE,Success,53.127.207.124
TR_992678,BK_42856,PayPal,IT,Success,201.190.91.142
TR_406173,BK_52980,Credit Card,IT,Success,109.24.57.166
TR_494134,BK_94540,PayPal,IT,Success,68.108.185.173
TR_792347,BK_24696,Bank Transfer,IT,Success,196.56.85.162
TR_305543,BK_60137,PayPal,IT,Success,196.163.76.40
TR_437305,BK_64015,Credit Card,IT,Success,80.86.202.116
TR_251669,BK_74026,PayPal,IT,Success,180.168.47.66
TR_304432,BK_13987,Credit Card,DE,Success,208.33.151.204
TR_412936,BK_34057,Bank Transfer,IT,Success,205.130.3.28
TR_559712,BK_23090,Credit Card,IT,Success,81.83.201.32
TR_423141,BK_10860,Credit Card,IT,Success,32.144.94.21
TR_888652,BK_74334,Bank Transfer,IT,Success,47.181.232.235
TR_278035,BK_66605,Credit Card,IT,Success,195.243.190.224
TR_455685,BK_49821,PayPal,IT,Success,136.203.210.130
TR_113189,BK_78050,Bank Transfer,DE,Success,69.20.221.236
TR_788373,BK_27721,Bank Transfer,RU,Success,178.70.229.22
TR_685223,BK_87903,PayPal,IT,Success,25.156.133.135
TR_622925,BK_24490,Bank Transfer,UK,Success,131.27.165.7
TR_736052,BK_94550,Bank Transfer,DE,Success,89.99.48.136
TR_690523,BK_42422,Bank Transfer,UK,Success,7.82.25.156
TR_533268,BK_33355,Credit Card,IT,Success,16.13.158.86
TR_555581,BK_63081,Bank Transfer,IT,Success,5.5.143.9
TR_529039,BK_20088,Credit Card,FR,Success,176.227.172.238
TR_259180,BK_29163,PayPal,IT,Success,11.44.184.11
TR_601065,BK_77105,PayPal,US,Success,170.59.36.232
TR_470717,BK_12964,Bank Transfer,IT,Success,21.137.208.216
TR_302795,BK_17220,Bank Transfer,DE,Success,144.2.222.233
TR_827482,BK_97687,Bank Transfer,IT,Success,89.37.34.199
TR_782928,BK_70329,Credit Card,IT,Success,13.87.217.82
TR_643104,BK_54023,PayPal,IT,Success,204.229.135.112
TR_891169,BK_38389,PayPal,IT,Success,171.98.10.90
TR_177369,BK_50577,Credit Card,IT,Success,140.133.156.101
TR_929803,BK_75493,Credit Card,UK,Success,25.165.109.39
TR_798438,BK_33835,Credit Card,IT,Success,182.107.65.125
TR_159713,BK_63579,PayPal,DE,Success,211.237.175.228
TR_833338,BK_79087,Credit Card,DE,Success,203.25.218.5
TR_380597,BK_42472,Bank Transfer,IT,Success,149.236.246.31
TR_373411,BK_58551,Bank Transfer,IT,Success,133.225.234.199
TR_337619,BK_96297,Bank Transfer,IT,Success,1.241.90.21
TR_749762,BK_64073,PayPal,FR,Success,7.17.102.88
TR_429996,BK_93559,Credit Card,IT,Success,134.184.33.25
TR_814565,BK_26992,Credit Card,IT,Success,199.89.225.11
TR_484220,BK_25380,Bank Transfer,UK,Success,116.203.151.136
TR_156256,BK_40513,PayPal,IT,Success,83.33.136.59
TR_118928,BK_89663,Bank Transfer,IT,Success,179.49.67.210
TR_370768,BK_81480,Credit Card,IT,Success,86.0.213.139
TR_576729,BK_10776,Credit Card,IT,Success,20.22.157.45
TR_911147,BK_26626,PayPal,IT,Success,210.101.113.75
TR_392051,BK_99830,Credit Card,IT,Success,124.201.8.214
TR_361573,BK_37457,Credit Card,IT,Success,198.15.252.224
TR_319722,BK_13887,Credit Card,US,Success,3.28.248.27
TR_362707,BK_20216,Bank Transfer,IT,Success,77.12.168.5
TR_315847,BK_53082,Bank Transfer,IT,Success,159.207.90.16
TR_727448,BK_48605,Bank Transfer,US,Success,15.249.111.43
TR_443420,BK_42424,PayPal,IT,Success,165.55.219.252
TR_435522,BK_49691,PayPal,IT,Success,114.117.216.159
TR_134374,BK_39593,Credit Card,IT,Success,128.27.216.135
TR_561864,BK_51736,Bank Transfer,IT,Success,75.145.27.0
TR_358494,BK_12765,Bank Transfer,IT,Success,28.62.71.102
TR_697043,BK_27455,Bank Transfer,FR,Success,153.49.181.126
TR_306570,BK_61249,PayPal,IT,Success,167.129.98.5
TR_109142,BK_56156,Credit Card,DE,Success,101.57.48.159
TR_220262,BK_23162,Credit Card,FR,Success,157.19.122.235
TR_311470,BK_18055,Credit Card,IT,Success,148.130.248.150
TR_988489,BK_47164,Bank Transfer,DE,Success,133.234.186.206
TR_899651,BK_48601,Bank Transfer,DE,Success,195.75.62.50
TR_563539,BK_66514,PayPal,IT,Success,21.123.12.10
TR_551122,BK_76529,Bank Transfer,DE,Success,58.76.33.142
TR_198783,BK_48426,Bank Transfer,UK,Success,8.64.39.52
TR_376997,BK_88830,PayPal,IT,Success,36.105.159.134
TR_769708,BK_66293,PayPal,IT,Success,216.46.112.90
TR_303305,BK_38806,PayPal,IT,Success,195.173.175.135
TR_327443,BK_91713,PayPal,FR,Success,167.159.232.45
TR_974905,BK_88538,PayPal,IT,Success,82.134.149.255
TR_808333,BK_99913,Bank Transfer,US,Success,118.171.253.243
TR_192600,BK_62530,PayPal,DE,Success,78.24.114.83
TR_608138,BK_60951,Credit Card,DE,Success,88.100.101.49
TR_140099,BK_60059,PayPal,IT,Success,91.6.54.30
TR_802033,BK_51809,Bank Transfer,IT,Success,5.82.22.81
TR_415469,BK_34595,Bank Transfer,US,Success,198.72.85.84
TR_312783,BK_40408,PayPal,IT,Success,209.46.160.17
TR_271601,BK_37164,PayPal,IT,Success,14.15.157.82
TR_246902,BK_36756,PayPal,IT,Success,40.250.244.176
TR_112329,BK_41311,Credit Card,US,Chargeback,220.138.193.56
TR_778296,BK_25891,Bank Transfer,RU,Success,158.181.232.136
TR_749210,BK_93233,Bank Transfer,DE,Success,72.195.229.207
TR_112319,BK_62310,PayPal,DE,Success,199.53.11.170
TR_551957,BK_94052,Bank Transfer,IT,Success,157.39.68.230
TR_862639,BK_28029,Credit Card,RU,Success,115.104.254.114
TR_171333,BK_31320,PayPal,IT,Success,13.24.34.238
TR_898616,BK_69366,Credit Card,IT,Success,121.46.42.63
TR_357288,BK_45687,PayPal,IT,Success,192.167.98.183
TR_442828,BK_37498,Bank Transfer,IT,Success,37.76.27.78
TR_330960,BK_99202,PayPal,IT,Success,199.35.157.198
TR_177604,BK_25766,Bank Transfer,US,Success,164.226.2.189
TR_523673,BK_80663,PayPal,IT,Success,163.246.80.51
TR_675793,BK_34863,Bank Transfer,DE,Success,11.170.184.205
TR_957001,BK_21245,Bank Transfer,IT,Success,161.127.37.88
TR_642235,BK_26186,Credit Card,IT,Success,206.3.169.192
TR_293728,BK_83224,PayPal,IT,Success,54.92.102.138
TR_754005,BK_74548,Bank Transfer,RU,Success,106.139.77.231
TR_562454,BK_43466,Bank Transfer,IT,Success,2.216.251.135
TR_244231,BK_74848,PayPal,IT,Success,32.182.112.165
TR_904477,BK_35589,Credit Card,IT,Success,93.34.111.79
TR_259283,BK_64874,PayPal,DE,Success,106.242.244.99
TR_489288,BK_32060,Credit Card,IT,Success,199.27.140.12
TR_979017,BK_94750,PayPal,IT,Success,142.53.129.177
TR_175321,BK_97441,PayPal,IT,Success,2.3.72.172
TR_644670,BK_53750,Bank Transfer,DE,Success,43.242.220.124
TR_430309,BK_51304,PayPal,IT,Success,83.93.179.224
TR_275813,BK_93723,Bank Transfer,IT,Success,223.36.71.209
TR_304959,BK_61374,PayPal,IT,Success,147.150.62.149
TR_286870,BK_80435,Credit Card,IT,Success,175.135.58.159
TR_908091,BK_43700,PayPal,RU,Success,154.89.200.193
TR_775932,BK_97838,Bank Transfer,US,Success,86.90.161.203
TR_424293,BK_99840,PayPal,IT,Success,89.2.246.25
TR_206975,BK_84389,Bank Transfer,IT,Success,134.92.178.88
TR_793389,BK_56238,Bank Transfer,IT,Success,2.223.160.180
TR_719259,BK_96571,Credit Card,DE,Success,74.17.71.94
TR_968864,BK_36583,Bank Transfer,IT,Success,141.71.1.212
TR_982364,BK_37651,Credit Card,IT,Success,139.101.177.96
TR_432858,BK_45145,Bank Transfer,IT,Success,169.4.86.238
TR_438748,BK_23504,PayPal,FR,Success,107.124.118.115
TR_270436,BK_72973,PayPal,IT,Success,184.165.15.242
TR_377944,BK_45504,Bank Transfer,RU,Success,75.175.3.239
TR_948841,BK_60434,Credit Card,DE,Success,106.22.80.85
TR_849697,BK_53123,Bank Transfer,IT,Success,9.217.38.29
TR_219306,BK_62802,Credit Card,IT,Success,38.115.51.156
TR_556121,BK_86855,PayPal,IT,Success,2.205.174.200
TR_384676,BK_66184,PayPal,IT,Success,186.254.144.227
TR_549448,BK_76468,PayPal,IT,Success,185.226.137.205
TR_363396,BK_64214,Credit Card,FR,Success,90.211.234.176
TR_995208,BK_43850,PayPal,IT,Success,64.107.246.52
TR_660353,BK_37355,PayPal,IT,Success,195.127.88.169
TR_141668,BK_30557,Bank Transfer,DE,Success,95.15.153.237
TR_127435,BK_67897,Bank Transfer,DE,Success,154.25.176.86
TR_492466,BK_84914,Bank Transfer,IT,Success,199.33.119.220
TR_643240,BK_87742,Credit Card,RU,Success,213.135.139.62
TR_536123,BK_40562,Bank Transfer,FR,Success,56.32.78.189
TR_646413,BK_46894,Credit Card,DE,Success,57.67.136.176
TR_602963,BK_24718,Bank Transfer,IT,Success,168.13.128.8
TR_143780,BK_95980,PayPal,DE,Success,14.116.255.120
TR_981444,BK_35948,PayPal,DE,Success,142.14.29.223
TR_759477,BK_62785,PayPal,IT,Success,134.4.95.71
TR_189349,BK_16054,PayPal,IT,Success,214.204.232.137
TR_668090,BK_72483,Bank Transfer,US,Success,190.125.66.80
TR_216714,BK_90033,PayPal,IT,Success,89.141.148.15
TR_416084,BK_12731,Credit Card,DE,Success,103.126.140.195
TR_800104,BK_38560,Credit Card,IT,Success,117.70.212.43
TR_798200,BK_47042,Credit Card,IT,Success,83.165.35.131
TR_502110,BK_88744,Credit Card,IT,Success,203.21.145.127
TR_432962,BK_61330,PayPal,IT,Success,23.38.241.148
TR_157562,BK_43174,PayPal,IT,Success,69.198.15.222
TR_263552,BK_95386,PayPal,DE,Success,66.108.123.46
TR_179695,BK_51289,Bank Transfer,IT,Success,136.131.108.195
TR_666136,BK_73723,PayPal,IT,Success,7.54.231.221
TR_875216,BK_27069,Credit Card,IT,Success,26.237.14.243
TR_968663,BK_84612,Bank Transfer,DE,Success,6.242.229.83
TR_782147,BK_78324,Bank Transfer,IT,Success,37.223.203.75
TR_635901,BK_90484,Bank Transfer,FR,Success,182.123.14.150
TR_289219,BK_45838,Bank Transfer,UK,Success,38.158.80.219
TR_969336,BK_78144,PayPal,IT,Success,23.210.36.88
TR_965839,BK_98458,Credit Card,US,Failed,138.165.126.137
TR_735347,BK_46624,Credit Card,IT,Success,220.34.47.173
TR_439160,BK_86697,Bank Transfer,FR,Success,62.18.170.21
TR_512593,BK_14315,Credit Card,DE,Success,40.150.234.207
TR_570280,BK_85051,PayPal,IT,Success,195.173.151.213
TR_710026,BK_98432,PayPal,IT,Success,24.45.62.183
TR_782515,BK_16079,Credit Card,DE,Success,72.254.33.244
TR_894279,BK_79633,Bank Transfer,US,Success,79.89.156.151
TR_640445,BK_13001,Credit Card,IT,Success,106.43.162.124
TR_283627,BK_73382,PayPal,IT,Success,56.230.232.27
TR_777330,BK_75624,Bank Transfer,IT,Success,177.82.102.7
TR_575133,BK_79094,PayPal,FR,Success,31.96.24.0
TR_920185,BK_61470,PayPal,IT,Success,142.128.135.99
TR_393708,BK_87985,Bank Transfer,IT,Success,147.68.122.246
TR_291241,BK_22271,Credit Card,FR,Success,170.237.74.209
TR_710183,BK_49272,Bank Transfer,IT,Success,141.80.57.233
TR_498564,BK_18762,Credit Card,IT,Success,44.191.143.172
TR_701488,BK_24840,Bank Transfer,IT,Success,131.167.175.153
TR_460491,BK_66165,PayPal,IT,Success,73.99.182.151
TR_976168,BK_89175,PayPal,DE,Success,49.74.17.102
TR_137985,BK_30854,PayPal,IT,Success,161.28.184.251
TR_382195,BK_59704,Credit Card,IT,Success,41.132.185.64
TR_381875,BK_49961,Credit Card,IT,Success,79.101.36.112
TR_282508,BK_12419,PayPal,IT,Success,63.198.58.34
TR_451931,BK_96681,Credit Card,IT,Success,75.237.16.43
TR_574607,BK_76130,Bank Transfer,IT,Success,116.35.185.110
TR_826516,BK_15999,Bank Transfer,DE,Success,158.95.102.26
TR_754475,BK_79049,Bank Transfer,IT,Success,207.4.193.57
TR_307593,BK_18990,Credit Card,IT,Success,42.126.151.218
TR_812777,BK_73165,Credit Card,IT,Success,49.15.61.252
TR_131894,BK_67608,Credit Card,DE,Success,36.29.139.42
TR_147924,BK_33917,Credit Card,UK,Success,126.77.47.35
TR_436994,BK_21736,Credit Card,IT,Success,104.207.113.44
TR_508370,BK_39675,Credit Card,DE,Success,205.107.42.8
TR_135425,BK_49482,PayPal,IT,Failed,57.65.102.158
TR_254333,BK_74309,Bank Transfer,IT,Success,111.136.190.77
TR_262656,BK_83889,Credit Card,IT,Success,176.182.210.88
TR_446430,BK_12284,Bank Transfer,IT,Success,142.183.116.242
TR_233006,BK_52963,Bank Transfer,IT,Success,151.185.245.133
TR_394865,BK_96415,Bank Transfer,IT,Success,197.44.208.34
TR_772947,BK_78347,PayPal,IT,Success,44.221.104.117
TR_742750,BK_91873,Bank Transfer,IT,Success,64.202.116.225
TR_739258,BK_35674,PayPal,IT,Success,123.18.141.98
TR_808743,BK_22770,Bank Transfer,US,Success,60.98.143.148
TR_124504,BK_43209,Credit Card,IT,Success,87.178.39.7
TR_871545,BK_63736,PayPal,IT,Success,104.57.249.111
TR_315226,BK_95995,Credit Card,DE,Success,80.180.172.106
TR_782094,BK_83172,Bank Transfer,UK,Success,219.49.100.170
TR_249633,BK_82119,Bank Transfer,IT,Success,123.117.27.28
TR_790620,BK_12770,PayPal,IT,Success,13.176.80.171
TR_698976,BK_66626,Bank Transfer,IT,Success,87.85.90.115
TR_702602,BK_68371,PayPal,IT,Success,90.198.250.204
TR_111925,BK_29142,Credit Card,IT,Success,186.182.65.254
TR_547656,BK_32235,Bank Transfer,DE,Success,153.158.56.223
TR_238346,BK_83626,Bank Transfer,IT,Success,84.215.109.71
TR_488183,BK_58148,PayPal,IT,Success,134.145.197.210
TR_120045,BK_78586,PayPal,IT,Success,67.218.41.245
TR_170861,BK_22347,Credit Card,DE,Success,163.59.99.143
TR_241410,BK_74462,PayPal,IT,Success,134.206.72.199
TR_151972,BK_87925,PayPal,IT,Success,213.160.143.190
TR_408535,BK_62603,Credit Card,US,Success,95.218.237.224
TR_182454,BK_25721,Credit Card,DE,Success,162.250.2.180
TR_775875,BK_30451,Bank Transfer,IT,Success,79.22.129.217
TR_147247,BK_98886,PayPal,IT,Success,106.38.246.166
TR_991411,BK_38634,Credit Card,IT,Success,179.247.156.50
TR_968629,BK_20032,PayPal,IT,Success,173.128.153.148
TR_451593,BK_65184,PayPal,IT,Success,95.132.95.59
TR_869904,BK_74122,Bank Transfer,IT,Success,182.12.153.74
TR_190410,BK_12373,Bank Transfer,IT,Success,15.168.16.172
TR_401291,BK_10211,Bank Transfer,IT,Success,50.19.109.0
TR_533620,BK_54538,Credit Card,DE,Success,81.139.210.12
TR_287382,BK_56316,Bank Transfer,UK,Success,34.154.123.46
TR_841755,BK_44711,Credit Card,IT,Success,215.112.113.72
TR_702233,BK_21241,Bank Transfer,US,Success,148.204.199.60
TR_605288,BK_33305,Bank Transfer,IT,Success,86.174.211.55
TR_750751,BK_75186,PayPal,IT,Success,79.227.1.73
TR_341717,BK_65339,Bank Transfer,IT,Success,139.16.76.11
TR_405725,BK_50644,PayPal,IT,Success,160.208.101.92
TR_613778,BK_98747,Bank Transfer,DE,Success,123.227.103.119
TR_829823,BK_89064,Credit Card,IT,Success,87.17.211.55
TR_443419,BK_85626,PayPal,IT,Success,15.250.57.125
TR_586990,BK_49706,PayPal,RU,Success,193.39.233.38
TR_802090,BK_50389,PayPal,US,Success,60.130.66.165
TR_942329,BK_83610,Credit Card,IT,Success,46.13.248.104
TR_663226,BK_13855,Bank Transfer,US,Success,145.44.182.141
TR_160400,BK_16856,Bank Transfer,IT,Success,94.240.82.105
TR_312333,BK_91448,Credit Card,IT,Success,126.37.194.206
TR_436073,BK_66182,PayPal,IT,Success,136.202.128.77
TR_790151,BK_71664,PayPal,IT,Success,98.35.109.226
TR_479285,BK_46264,Credit Card,IT,Success,156.83.179.65
TR_216910,BK_90859,Bank Transfer,US,Success,106.98.17.60
TR_499890,BK_78351,PayPal,IT,Success,9.240.51.213
TR_354646,BK_24321,PayPal,UK,Success,10.223.31.55
TR_979879,BK_57477,Credit Card,IT,Success,180.179.37.79
TR_588219,BK_58543,Credit Card,IT,Success,220.103.148.127
TR_885352,BK_20883,Bank Transfer,IT,Success,94.71.175.238
TR_883131,BK_22172,Credit Card,US,Success,148.172.94.183
TR_119267,BK_56999,Credit Card,IT,Success,142.30.191.119
TR_724084,BK_80899,PayPal,IT,Success,46.113.233.113
TR_638417,BK_13451,Credit Card,IT,Success,108.125.91.110
TR_590342,BK_32709,Bank Transfer,FR,Success,44.71.35.59
TR_388152,BK_77544,Credit Card,IT,Success,166.201.99.148
TR_358639,BK_76819,PayPal,IT,Success,125.133.221.72
TR_262046,BK_74508,Bank Transfer,US,Success,223.101.254.203
TR_590898,BK_83184,Bank Transfer,IT,Success,100.30.198.176
TR_127224,BK_65306,Bank Transfer,FR,Success,184.109.34.4
TR_556270,BK_43303,Credit Card,IT,Success,131.57.187.163
TR_822967,BK_14380,Credit Card,IT,Success,119.199.61.151
TR_691467,BK_92388,Bank Transfer,IT,Success,62.249.81.225
TR_509693,BK_58300,PayPal,IT,Success,45.53.129.190
TR_620764,BK_69608,Bank Transfer,IT,Success,56.166.60.192
TR_856275,BK_41543,PayPal,IT,Success,174.182.223.37
TR_854638,BK_99684,Bank Transfer,IT,Success,163.100.124.103
TR_514499,BK_43983,PayPal,IT,Success,34.126.119.186
TR_918392,BK_86280,Bank Transfer,IT,Success,159.134.4.231
TR_118580,BK_88824,PayPal,IT,Success,139.228.122.158
TR_214606,BK_38501,Credit Card,DE,Success,188.117.225.246
TR_706013,BK_74844,Bank Transfer,UK,Failed,48.192.180.3
TR_770963,BK_60153,PayPal,IT,Success,63.199.18.208
TR_482901,BK_95891,Credit Card,DE,Failed,68.155.66.27
TR_143951,BK_23968,Bank Transfer,IT,Success,169.172.101.179
TR_664147,BK_67958,Bank Transfer,IT,Success,95.202.70.32
TR_291988,BK_36157,Bank Transfer,IT,Success,188.251.27.43
TR_702686,BK_54482,PayPal,DE,Success,104.96.81.133
TR_634176,BK_37511,Bank Transfer,IT,Success,1.149.159.239
TR_345356,BK_67931,PayPal,IT,Success,142.86.101.195
TR_227246,BK_37102,PayPal,DE,Success,214.31.93.200
TR_995286,BK_53667,Bank Transfer,RU,Success,179.15.128.77
TR_509990,BK_79703,PayPal,DE,Success,8.90.169.32
TR_266004,BK_42109,Credit Card,IT,Success,167.89.156.151
TR_434540,BK_63293,Bank Transfer,IT,Success,78.242.154.188
TR_855598,BK_13140,Credit Card,DE,Success,209.166.59.99
TR_845180,BK_27589,PayPal,IT,Success,116.2.73.22
TR_932741,BK_38859,Bank Transfer,IT,Success,44.239.53.106
TR_332641,BK_89581,PayPal,RU,Success,183.176.182.128
TR_379200,BK_59200,Credit Card,IT,Success,210.226.227.166
TR_661759,BK_27729,Credit Card,IT,Success,87.224.195.146
TR_857654,BK_25262,Bank Transfer,IT,Success,215.99.229.113
TR_366655,BK_96873,Bank Transfer,IT,Success,214.232.243.114
TR_527134,BK_41190,PayPal,IT,Success,193.59.228.177
